Booking ID,Train No,Booking Date,WL Position,Quota,Class,Days to Journey,Status
1,98765,2023-10-09 21:41:05.258213,22,Ladies,General,98,Waitlist
2,11223,2023-11-10 21:41:05.258236,79,Tatkal,Sleeper,63,Waitlist
3,67890,2024-05-19 21:41:05.258240,46,Tatkal,Sleeper,150,Waitlist
4,11223,2023-12-11 21:41:05.258243,14,Ladies,AC 3-Tier,139,Confirmed
5,11223,2023-11-06 21:41:05.258246,24,General,AC 2-Tier,4,Waitlist
6,54321,2024-05-25 21:41:05.258249,35,Ladies,AC 3-Tier,135,Confirmed
7,67890,2024-06-15 21:41:05.258251,74,Senior Citizen,General,61,Waitlist
8,67890,2024-06-29 21:41:05.258253,50,Senior Citizen,AC 3-Tier,107,Waitlist
9,67890,2023-12-17 21:41:05.258256,14,Tatkal,Sleeper,54,Waitlist
10,11223,2024-08-09 21:41:05.258258,67,General,General,88,Waitlist
11,98765,2024-08-31 21:41:05.258261,20,General,Sleeper,68,Waitlist
12,67890,2023-12-08 21:41:05.258263,12,Senior Citizen,AC 2-Tier,129,Confirmed
13,11223,2023-12-07 21:41:05.258265,85,Ladies,Sleeper,55,Confirmed
14,54321,2024-02-28 21:41:05.258267,18,Tatkal,Sleeper,3,Confirmed
15,98765,2024-01-06 21:41:05.258270,33,Ladies,AC 3-Tier,166,Confirmed
16,54321,2024-01-16 21:41:05.258272,77,Ladies,Sleeper,121,Waitlist
17,98765,2023-12-02 21:41:05.258274,67,Ladies,General,129,Waitlist
18,11223,2024-06-20 21:41:05.258277,51,General,General,102,Waitlist
19,12345,2023-10-19 21:41:05.258279,26,Senior Citizen,AC 2-Tier,38,Waitlist
20,98765,2024-06-11 21:41:05.258281,28,General,General,85,Waitlist
21,54321,2024-03-31 21:41:05.258284,27,Senior Citizen,AC 3-Tier,157,Waitlist
22,11223,2023-11-21 21:41:05.258286,34,Tatkal,AC 2-Tier,133,Waitlist
23,98765,2024-09-28 21:41:05.258288,7,Tatkal,General,92,Waitlist
24,12345,2023-11-15 21:41:05.258290,15,Ladies,AC 3-Tier,21,Waitlist
25,12345,2024-08-05 21:41:05.258293,35,Senior Citizen,General,109,Waitlist
26,67890,2024-05-03 21:41:05.258295,29,Senior Citizen,General,47,Confirmed
27,67890,2023-11-25 21:41:05.258297,17,Senior Citizen,Sleeper,84,Waitlist
28,54321,2024-05-15 21:41:05.258300,1,Ladies,General,83,Confirmed
29,98765,2024-03-11 21:41:05.258302,48,Ladies,General,35,Waitlist
30,98765,2023-11-21 21:41:05.258304,76,Tatkal,AC 3-Tier,69,Waitlist
31,67890,2024-06-04 21:41:05.258306,3,General,AC 3-Tier,129,Waitlist
32,98765,2024-04-28 21:41:05.258309,89,Senior Citizen,Sleeper,140,Confirmed
33,98765,2023-12-13 21:41:05.258311,88,Senior Citizen,General,27,Waitlist
34,12345,2024-07-28 21:41:05.258313,93,General,Sleeper,56,Confirmed
35,67890,2024-01-29 21:41:05.258315,74,Senior Citizen,General,23,Waitlist
36,11223,2024-09-04 21:41:05.258318,6,Ladies,AC 2-Tier,153,Confirmed
37,67890,2024-07-01 21:41:05.258320,94,Ladies,AC 2-Tier,21,Confirmed
38,11223,2024-07-16 21:41:05.258322,73,Senior Citizen,Sleeper,61,Waitlist
39,12345,2023-12-10 21:41:05.258324,38,Ladies,Sleeper,63,Waitlist
40,54321,2024-03-03 21:41:05.258327,12,Ladies,Sleeper,122,Confirmed
41,98765,2023-10-18 21:41:05.258329,30,Senior Citizen,AC 3-Tier,52,Confirmed
42,12345,2024-09-12 21:41:05.258331,70,Tatkal,AC 3-Tier,88,Waitlist
43,98765,2024-05-24 21:41:05.258334,62,General,AC 3-Tier,153,Waitlist
44,54321,2023-10-01 21:41:05.258336,55,Ladies,Sleeper,55,Waitlist
45,54321,2024-01-22 21:41:05.258338,41,Tatkal,General,46,Confirmed
46,12345,2024-04-03 21:41:05.258340,60,Ladies,AC 2-Tier,32,Confirmed
47,54321,2024-03-31 21:41:05.258343,41,Ladies,Sleeper,55,Confirmed
48,11223,2024-04-30 21:41:05.258345,55,General,AC 3-Tier,96,Confirmed
49,54321,2024-09-04 21:41:05.258347,35,Ladies,AC 3-Tier,133,Waitlist
50,98765,2024-04-02 21:41:05.258349,83,General,Sleeper,36,Waitlist
51,98765,2024-03-15 21:41:05.258351,67,General,Sleeper,110,Confirmed
52,98765,2023-10-21 21:41:05.258354,6,General,AC 3-Tier,177,Confirmed
53,98765,2024-04-21 21:41:05.258356,53,Tatkal,General,106,Confirmed
54,11223,2024-04-05 21:41:05.258358,0,Senior Citizen,AC 3-Tier,58,Waitlist
55,67890,2023-12-19 21:41:05.258360,43,Tatkal,AC 3-Tier,39,Waitlist
56,12345,2024-07-28 21:41:05.258363,44,Senior Citizen,Sleeper,80,Confirmed
57,98765,2024-05-02 21:41:05.258365,46,Senior Citizen,General,97,Confirmed
58,54321,2024-04-28 21:41:05.258367,12,General,AC 3-Tier,113,Waitlist
59,98765,2024-04-26 21:41:05.258369,21,Ladies,AC 3-Tier,61,Waitlist
60,54321,2024-08-11 21:41:05.258372,20,General,AC 2-Tier,137,Waitlist
61,54321,2023-10-28 21:41:05.258374,85,Ladies,Sleeper,6,Confirmed
62,98765,2024-07-07 21:41:05.258376,91,Senior Citizen,AC 2-Tier,109,Confirmed
63,11223,2023-10-04 21:41:05.258378,8,General,AC 2-Tier,35,Confirmed
64,54321,2024-04-05 21:41:05.258381,25,Ladies,AC 3-Tier,39,Confirmed
65,54321,2024-05-04 21:41:05.258383,8,Tatkal,Sleeper,150,Confirmed
66,98765,2024-06-03 21:41:05.258385,14,Ladies,General,169,Confirmed
67,54321,2023-10-23 21:41:05.258387,9,General,AC 3-Tier,118,Confirmed
68,54321,2024-07-28 21:41:05.258390,87,Tatkal,General,5,Waitlist
69,98765,2024-03-24 21:41:05.258392,41,Ladies,General,170,Confirmed
70,98765,2023-10-05 21:41:05.258394,71,Ladies,Sleeper,87,Confirmed
71,12345,2024-08-11 21:41:05.258396,23,Ladies,AC 2-Tier,76,Waitlist
72,11223,2023-11-07 21:41:05.258399,79,Ladies,Sleeper,158,Confirmed
73,11223,2024-01-16 21:41:05.258401,48,Ladies,General,57,Waitlist
74,54321,2024-02-18 21:41:05.258403,25,Tatkal,AC 3-Tier,127,Waitlist
75,11223,2024-05-11 21:41:05.258405,90,Senior Citizen,General,29,Confirmed
76,54321,2024-02-27 21:41:05.258408,36,Tatkal,AC 3-Tier,165,Waitlist
77,12345,2024-03-02 21:41:05.258410,67,Tatkal,AC 3-Tier,87,Confirmed
78,98765,2023-11-16 21:41:05.258412,49,Tatkal,Sleeper,141,Waitlist
79,98765,2024-08-28 21:41:05.258415,23,Senior Citizen,General,160,Confirmed
80,98765,2024-04-24 21:41:05.258417,18,General,AC 2-Tier,46,Confirmed
81,11223,2023-12-19 21:41:05.258419,99,Senior Citizen,General,116,Confirmed
82,12345,2023-11-29 21:41:05.258422,59,Tatkal,General,112,Waitlist
83,11223,2023-12-18 21:41:05.258424,38,Ladies,AC 2-Tier,151,Waitlist
84,11223,2024-05-08 21:41:05.258426,73,Ladies,Sleeper,45,Waitlist
85,12345,2024-09-10 21:41:05.258428,88,Tatkal,General,145,Confirmed
86,12345,2024-09-11 21:41:05.258431,17,Ladies,General,104,Confirmed
87,12345,2024-01-16 21:41:05.258433,18,Tatkal,AC 3-Tier,85,Waitlist
88,12345,2024-07-13 21:41:05.258435,35,Ladies,General,134,Waitlist
89,98765,2024-04-07 21:41:05.258437,73,Senior Citizen,AC 2-Tier,108,Confirmed
90,67890,2024-03-19 21:41:05.258440,96,General,AC 3-Tier,18,Waitlist
91,67890,2024-06-08 21:41:05.258442,54,General,Sleeper,94,Waitlist
92,12345,2024-06-07 21:41:05.258444,68,Senior Citizen,AC 3-Tier,150,Waitlist
93,67890,2024-02-20 21:41:05.258446,46,Senior Citizen,AC 2-Tier,33,Confirmed
94,67890,2024-04-16 21:41:05.258449,48,Tatkal,AC 2-Tier,158,Confirmed
95,12345,2023-11-15 21:41:05.258451,98,Tatkal,AC 3-Tier,126,Waitlist
96,67890,2024-05-20 21:41:05.258453,97,Tatkal,Sleeper,160,Confirmed
97,11223,2024-01-09 21:41:05.258456,32,Ladies,AC 3-Tier,170,Waitlist
98,54321,2024-08-05 21:41:05.258458,20,Tatkal,Sleeper,122,Waitlist
99,54321,2023-10-06 21:41:05.258460,80,Senior Citizen,AC 3-Tier,138,Confirmed
100,12345,2024-05-21 21:41:05.258462,21,General,AC 2-Tier,115,Waitlist
101,98765,2023-12-16 21:41:05.258465,47,Ladies,General,164,Waitlist
102,12345,2024-01-07 21:41:05.258467,36,Tatkal,General,162,Confirmed
103,98765,2024-04-20 21:41:05.258469,14,Ladies,Sleeper,28,Confirmed
104,54321,2024-07-04 21:41:05.258471,34,Ladies,Sleeper,11,Waitlist
105,12345,2024-08-05 21:41:05.258474,91,Tatkal,Sleeper,167,Waitlist
106,11223,2023-12-16 21:41:05.258476,70,Ladies,AC 2-Tier,47,Confirmed
107,67890,2024-04-04 21:41:05.258478,31,General,AC 3-Tier,127,Confirmed
108,98765,2023-10-16 21:41:05.258480,10,Senior Citizen,AC 2-Tier,147,Confirmed
109,67890,2024-09-21 21:41:05.258483,9,Senior Citizen,General,118,Confirmed
110,67890,2023-11-13 21:41:05.258485,72,General,Sleeper,143,Waitlist
111,12345,2023-11-21 21:41:05.258487,77,Ladies,AC 3-Tier,126,Waitlist
112,67890,2024-01-26 21:41:05.258490,76,Tatkal,General,156,Confirmed
113,11223,2023-11-11 21:41:05.258492,56,Ladies,General,152,Confirmed
114,67890,2024-01-18 21:41:05.258494,24,General,General,72,Waitlist
115,12345,2023-11-06 21:41:05.258496,1,Ladies,AC 2-Tier,107,Confirmed
116,11223,2024-08-06 21:41:05.258499,63,Senior Citizen,Sleeper,137,Confirmed
117,54321,2024-01-24 21:41:05.258501,34,Ladies,General,175,Waitlist
118,67890,2024-02-03 21:41:05.258503,6,General,Sleeper,33,Confirmed
119,12345,2024-02-13 21:41:05.258505,84,Senior Citizen,AC 2-Tier,19,Waitlist
120,54321,2024-07-24 21:41:05.258508,17,Ladies,General,74,Waitlist
121,54321,2024-08-09 21:41:05.258510,66,Ladies,AC 2-Tier,168,Confirmed
122,98765,2024-06-24 21:41:05.258512,41,Senior Citizen,AC 2-Tier,175,Confirmed
123,11223,2024-06-29 21:41:05.258514,38,Tatkal,Sleeper,157,Waitlist
124,67890,2024-01-09 21:41:05.258516,40,Senior Citizen,General,178,Confirmed
125,12345,2023-12-13 21:41:05.258519,74,Tatkal,AC 2-Tier,98,Waitlist
126,98765,2024-06-25 21:41:05.258521,23,General,General,141,Waitlist
127,11223,2024-07-03 21:41:05.258523,59,General,Sleeper,129,Waitlist
128,98765,2024-07-13 21:41:05.258525,45,Senior Citizen,AC 2-Tier,162,Waitlist
129,11223,2023-12-16 21:41:05.258528,18,Senior Citizen,Sleeper,93,Confirmed
130,11223,2024-06-01 21:41:05.258530,67,General,General,176,Confirmed
131,67890,2023-12-02 21:41:05.258533,89,Tatkal,General,48,Waitlist
132,11223,2024-04-17 21:41:05.258535,41,General,Sleeper,177,Waitlist
133,98765,2024-03-31 21:41:05.258537,31,Senior Citizen,AC 3-Tier,64,Waitlist
134,11223,2024-02-19 21:41:05.258539,38,General,AC 2-Tier,61,Waitlist
135,67890,2023-11-23 21:41:05.258541,35,Senior Citizen,General,157,Confirmed
136,67890,2024-09-22 21:41:05.258544,96,Senior Citizen,General,39,Waitlist
137,98765,2023-11-04 21:41:05.258546,35,General,AC 2-Tier,128,Confirmed
138,54321,2024-01-10 21:41:05.258548,2,Tatkal,Sleeper,88,Waitlist
139,54321,2024-04-21 21:41:05.258551,72,Ladies,Sleeper,26,Waitlist
140,11223,2024-05-01 21:41:05.258553,7,General,Sleeper,17,Waitlist
141,12345,2024-07-06 21:41:05.258555,96,Ladies,AC 3-Tier,71,Waitlist
142,11223,2024-05-05 21:41:05.258557,69,General,AC 3-Tier,13,Waitlist
143,98765,2024-06-09 21:41:05.258559,40,Ladies,General,69,Waitlist
144,98765,2024-08-24 21:41:05.258562,67,Tatkal,Sleeper,26,Confirmed
145,98765,2023-12-19 21:41:05.258564,12,Tatkal,AC 2-Tier,49,Waitlist
146,98765,2024-03-25 21:41:05.258566,48,General,General,7,Waitlist
147,98765,2024-07-09 21:41:05.258568,59,Senior Citizen,AC 2-Tier,58,Waitlist
148,67890,2024-09-27 21:41:05.258571,1,Ladies,General,49,Confirmed
149,54321,2023-12-01 21:41:05.258573,59,Senior Citizen,AC 3-Tier,103,Confirmed
150,98765,2024-03-16 21:41:05.258575,4,Senior Citizen,General,53,Confirmed
151,12345,2024-09-18 21:41:05.258577,43,Senior Citizen,AC 3-Tier,62,Waitlist
152,12345,2024-02-08 21:41:05.258580,26,Tatkal,General,17,Confirmed
153,12345,2024-03-18 21:41:05.258582,31,General,Sleeper,171,Waitlist
154,12345,2024-06-02 21:41:05.258584,20,General,AC 2-Tier,25,Waitlist
155,67890,2024-09-09 21:41:05.258586,7,Tatkal,Sleeper,131,Waitlist
156,12345,2024-01-12 21:41:05.258588,71,Tatkal,General,29,Waitlist
157,98765,2023-12-11 21:41:05.258591,49,General,General,117,Waitlist
158,11223,2024-01-17 21:41:05.258593,66,Senior Citizen,General,160,Confirmed
159,12345,2024-02-20 21:41:05.258595,43,Ladies,AC 3-Tier,26,Waitlist
160,67890,2024-02-16 21:41:05.258597,57,Ladies,AC 2-Tier,124,Confirmed
161,67890,2024-08-07 21:41:05.258600,2,Ladies,AC 2-Tier,144,Waitlist
162,12345,2023-10-10 21:41:05.258602,85,Senior Citizen,General,25,Waitlist
163,11223,2023-10-23 21:41:05.258604,69,General,General,54,Waitlist
164,12345,2023-10-01 21:41:05.258606,1,Tatkal,AC 3-Tier,156,Confirmed
165,67890,2023-12-24 21:41:05.258609,86,General,Sleeper,73,Waitlist
166,54321,2024-07-10 21:41:05.258611,43,Senior Citizen,Sleeper,120,Confirmed
167,98765,2024-03-11 21:41:05.258613,1,Tatkal,AC 2-Tier,56,Waitlist
168,67890,2024-04-24 21:41:05.258615,80,Senior Citizen,AC 3-Tier,65,Confirmed
169,12345,2024-06-01 21:41:05.258618,34,Ladies,General,93,Confirmed
170,98765,2024-08-01 21:41:05.258620,97,Ladies,AC 2-Tier,86,Waitlist
171,12345,2024-02-27 21:41:05.258622,86,Senior Citizen,AC 3-Tier,80,Waitlist
172,12345,2024-05-24 21:41:05.258624,29,Tatkal,Sleeper,169,Waitlist
173,54321,2024-02-18 21:41:05.258626,7,Tatkal,AC 3-Tier,108,Confirmed
174,98765,2024-03-04 21:41:05.258629,21,General,Sleeper,179,Waitlist
175,98765,2024-06-06 21:41:05.258631,43,Ladies,AC 3-Tier,118,Waitlist
176,54321,2024-03-04 21:41:05.258633,57,General,AC 2-Tier,157,Waitlist
177,67890,2024-09-15 21:41:05.258635,35,General,Sleeper,83,Waitlist
178,12345,2024-09-20 21:41:05.258638,68,Senior Citizen,AC 2-Tier,147,Waitlist
179,11223,2024-08-20 21:41:05.258640,76,Senior Citizen,AC 2-Tier,169,Waitlist
180,12345,2024-02-05 21:41:05.258642,92,General,Sleeper,173,Waitlist
181,12345,2023-12-23 21:41:05.258644,30,Ladies,Sleeper,15,Waitlist
182,67890,2023-10-06 21:41:05.258646,46,Senior Citizen,General,131,Confirmed
183,12345,2024-03-12 21:41:05.258649,54,General,General,139,Waitlist
184,54321,2024-01-27 21:41:05.258651,79,General,General,174,Waitlist
185,54321,2023-12-26 21:41:05.258653,61,General,AC 2-Tier,30,Waitlist
186,98765,2024-02-07 21:41:05.258655,29,General,AC 2-Tier,57,Waitlist
187,11223,2024-09-25 21:41:05.258658,54,General,General,146,Waitlist
188,12345,2024-04-28 21:41:05.258660,15,General,AC 2-Tier,179,Confirmed
189,12345,2024-08-31 21:41:05.258662,11,Senior Citizen,AC 2-Tier,128,Confirmed
190,67890,2024-06-12 21:41:05.258664,16,Ladies,Sleeper,48,Waitlist
191,54321,2024-06-23 21:41:05.258666,15,General,Sleeper,136,Waitlist
192,11223,2024-02-27 21:41:05.258669,11,Tatkal,AC 2-Tier,22,Confirmed
193,98765,2023-12-11 21:41:05.258671,7,Senior Citizen,General,6,Confirmed
194,54321,2024-07-16 21:41:05.258673,83,Senior Citizen,AC 3-Tier,104,Confirmed
195,98765,2023-11-08 21:41:05.258675,2,General,General,36,Confirmed
196,67890,2024-05-06 21:41:05.258678,15,Senior Citizen,AC 3-Tier,79,Waitlist
197,67890,2024-05-24 21:41:05.258680,29,General,General,116,Waitlist
198,12345,2023-10-24 21:41:05.258682,22,Ladies,Sleeper,57,Waitlist
199,11223,2024-08-18 21:41:05.258684,91,Ladies,AC 2-Tier,49,Confirmed
200,98765,2023-10-09 21:41:05.258687,4,Senior Citizen,AC 2-Tier,173,Confirmed
201,54321,2024-08-19 21:41:05.258689,83,Senior Citizen,Sleeper,82,Confirmed
202,67890,2024-08-26 21:41:05.258691,64,Tatkal,AC 3-Tier,66,Confirmed
203,12345,2024-09-12 21:41:05.258693,29,Senior Citizen,AC 3-Tier,77,Waitlist
204,12345,2024-04-17 21:41:05.258695,20,Tatkal,AC 3-Tier,45,Waitlist
205,98765,2024-04-29 21:41:05.258698,83,Ladies,Sleeper,79,Waitlist
206,67890,2024-07-15 21:41:05.258700,69,Ladies,AC 3-Tier,20,Confirmed
207,11223,2024-07-04 21:41:05.258702,21,General,Sleeper,123,Waitlist
208,67890,2024-06-04 21:41:05.258704,81,Ladies,General,67,Waitlist
209,98765,2023-10-03 21:41:05.258707,71,Tatkal,General,83,Waitlist
210,98765,2023-10-23 21:41:05.258709,31,Senior Citizen,Sleeper,3,Confirmed
211,67890,2024-09-02 21:41:05.258711,32,General,AC 2-Tier,64,Waitlist
212,98765,2023-11-21 21:41:05.258713,15,Tatkal,General,40,Waitlist
213,67890,2023-12-17 21:41:05.258716,75,Senior Citizen,AC 3-Tier,59,Waitlist
214,54321,2024-05-18 21:41:05.258718,37,General,Sleeper,62,Waitlist
215,67890,2024-02-23 21:41:05.258720,97,Ladies,AC 3-Tier,132,Confirmed
216,67890,2024-04-14 21:41:05.258722,13,Tatkal,AC 3-Tier,60,Confirmed
217,98765,2024-06-23 21:41:05.258725,35,Senior Citizen,AC 2-Tier,116,Waitlist
218,98765,2024-01-05 21:41:05.258727,96,General,AC 3-Tier,75,Waitlist
219,12345,2024-02-05 21:41:05.258729,22,General,AC 2-Tier,122,Waitlist
220,12345,2023-11-25 21:41:05.258731,65,Ladies,General,107,Waitlist
221,54321,2024-04-09 21:41:05.258733,84,Senior Citizen,Sleeper,96,Confirmed
222,12345,2024-03-23 21:41:05.258736,1,Ladies,AC 3-Tier,91,Confirmed
223,67890,2024-05-30 21:41:05.258738,90,Ladies,Sleeper,158,Confirmed
224,98765,2024-08-14 21:41:05.258740,72,Senior Citizen,AC 3-Tier,130,Waitlist
225,12345,2024-07-27 21:41:05.258742,64,Senior Citizen,Sleeper,62,Waitlist
226,12345,2024-05-22 21:41:05.258745,74,Senior Citizen,AC 3-Tier,49,Waitlist
227,54321,2023-11-24 21:41:05.258747,66,Tatkal,AC 3-Tier,137,Waitlist
228,54321,2023-10-02 21:41:05.258749,51,Senior Citizen,AC 3-Tier,92,Waitlist
229,67890,2024-03-20 21:41:05.258751,61,General,AC 3-Tier,159,Waitlist
230,98765,2023-11-27 21:41:05.258753,22,Ladies,AC 3-Tier,124,Waitlist
231,54321,2024-04-01 21:41:05.258756,25,Tatkal,AC 3-Tier,61,Confirmed
232,12345,2023-12-12 21:41:05.258758,67,Senior Citizen,AC 3-Tier,48,Confirmed
233,98765,2023-12-22 21:41:05.258760,81,Tatkal,AC 3-Tier,153,Confirmed
234,98765,2024-08-31 21:41:05.258763,54,Senior Citizen,AC 3-Tier,164,Confirmed
235,12345,2024-05-03 21:41:05.258765,5,Tatkal,Sleeper,136,Confirmed
236,54321,2024-01-06 21:41:05.258767,34,Ladies,AC 2-Tier,58,Waitlist
237,12345,2023-12-08 21:41:05.258770,21,Ladies,AC 3-Tier,101,Waitlist
238,98765,2024-09-18 21:41:05.258772,42,General,AC 2-Tier,112,Confirmed
239,11223,2024-04-18 21:41:05.258774,14,General,AC 3-Tier,173,Waitlist
240,11223,2024-06-08 21:41:05.258776,85,Senior Citizen,AC 3-Tier,62,Confirmed
241,67890,2024-03-26 21:41:05.258778,59,Ladies,Sleeper,39,Waitlist
242,12345,2023-12-09 21:41:05.258781,11,Tatkal,General,58,Waitlist
243,12345,2024-02-10 21:41:05.258783,48,Tatkal,General,99,Waitlist
244,67890,2024-02-15 21:41:05.258785,41,Tatkal,Sleeper,44,Confirmed
245,67890,2023-11-24 21:41:05.258787,37,General,AC 2-Tier,29,Confirmed
246,67890,2024-06-23 21:41:05.258790,81,Tatkal,General,59,Waitlist
247,98765,2024-08-05 21:41:05.258792,44,General,Sleeper,71,Waitlist
248,12345,2024-06-10 21:41:05.258794,34,General,Sleeper,92,Waitlist
249,98765,2024-04-30 21:41:05.258796,29,Senior Citizen,General,9,Confirmed
250,67890,2024-01-27 21:41:05.258799,87,Tatkal,AC 2-Tier,127,Waitlist
251,12345,2024-07-22 21:41:05.258801,29,Tatkal,Sleeper,134,Waitlist
252,98765,2023-11-22 21:41:05.258803,77,Ladies,AC 3-Tier,157,Waitlist
253,98765,2023-12-15 21:41:05.258805,5,Senior Citizen,AC 2-Tier,145,Confirmed
254,67890,2024-01-23 21:41:05.258808,66,Ladies,AC 2-Tier,144,Confirmed
255,12345,2024-08-24 21:41:05.258810,79,Senior Citizen,General,131,Waitlist
256,67890,2024-02-03 21:41:05.258812,6,Tatkal,General,21,Confirmed
257,12345,2024-05-04 21:41:05.258814,51,General,AC 3-Tier,64,Waitlist
258,11223,2024-02-15 21:41:05.258817,13,General,Sleeper,90,Confirmed
259,54321,2024-01-29 21:41:05.258819,72,General,General,36,Waitlist
260,54321,2023-10-28 21:41:05.258821,14,General,General,62,Waitlist
261,54321,2024-03-12 21:41:05.258823,20,General,AC 2-Tier,170,Waitlist
262,67890,2024-04-28 21:41:05.258826,34,Ladies,General,76,Waitlist
263,11223,2024-07-18 21:41:05.258828,65,Senior Citizen,General,170,Waitlist
264,12345,2024-03-12 21:41:05.258830,90,Tatkal,General,13,Confirmed
265,98765,2023-12-08 21:41:05.258833,1,Ladies,General,11,Confirmed
266,12345,2024-09-12 21:41:05.258835,34,Senior Citizen,AC 2-Tier,54,Confirmed
267,98765,2024-05-23 21:41:05.258837,81,General,AC 3-Tier,16,Waitlist
268,12345,2024-02-25 21:41:05.258839,77,Senior Citizen,AC 3-Tier,8,Confirmed
269,11223,2024-07-30 21:41:05.258842,19,Senior Citizen,Sleeper,104,Confirmed
270,98765,2024-06-17 21:41:05.258844,81,General,General,59,Confirmed
271,67890,2024-08-18 21:41:05.258846,9,General,AC 2-Tier,57,Confirmed
272,12345,2024-09-04 21:41:05.258848,24,General,Sleeper,40,Confirmed
273,12345,2024-08-21 21:41:05.258850,65,Tatkal,Sleeper,130,Confirmed
274,98765,2023-12-13 21:41:05.258853,24,General,AC 3-Tier,94,Waitlist
275,67890,2024-05-21 21:41:05.258855,53,Tatkal,AC 2-Tier,138,Waitlist
276,67890,2024-02-13 21:41:05.258857,32,General,AC 2-Tier,44,Waitlist
277,11223,2024-06-13 21:41:05.258859,35,Tatkal,AC 2-Tier,139,Waitlist
278,67890,2024-04-10 21:41:05.258862,94,Senior Citizen,AC 3-Tier,80,Waitlist
279,67890,2024-06-19 21:41:05.258864,13,Ladies,AC 3-Tier,81,Confirmed
280,67890,2023-10-11 21:41:05.258866,64,Senior Citizen,AC 3-Tier,2,Waitlist
281,54321,2024-09-17 21:41:05.258868,79,Senior Citizen,AC 3-Tier,178,Confirmed
282,11223,2023-12-29 21:41:05.258870,53,General,AC 3-Tier,140,Waitlist
283,12345,2024-06-20 21:41:05.258873,51,Tatkal,General,115,Waitlist
284,98765,2024-08-16 21:41:05.258875,2,Ladies,General,90,Confirmed
285,12345,2023-11-29 21:41:05.258877,98,General,AC 2-Tier,23,Waitlist
286,11223,2024-09-12 21:41:05.258879,40,General,Sleeper,146,Waitlist
287,98765,2023-11-04 21:41:05.258881,5,General,AC 2-Tier,62,Confirmed
288,11223,2024-08-03 21:41:05.258884,24,Senior Citizen,Sleeper,113,Waitlist
289,67890,2023-11-23 21:41:05.258886,12,Tatkal,AC 3-Tier,128,Confirmed
290,98765,2023-12-01 21:41:05.258888,97,Tatkal,Sleeper,62,Waitlist
291,67890,2024-09-17 21:41:05.258891,7,Ladies,AC 2-Tier,38,Confirmed
292,12345,2023-11-16 21:41:05.258893,20,Tatkal,AC 2-Tier,166,Waitlist
293,12345,2024-07-11 21:41:05.258895,97,Tatkal,Sleeper,61,Waitlist
294,98765,2024-02-26 21:41:05.258897,67,General,General,129,Waitlist
295,98765,2023-10-26 21:41:05.258900,24,General,AC 3-Tier,173,Waitlist
296,11223,2024-01-09 21:41:05.258902,78,Senior Citizen,AC 3-Tier,156,Waitlist
297,11223,2024-05-03 21:41:05.258904,67,General,AC 2-Tier,149,Waitlist
298,67890,2024-07-10 21:41:05.258906,44,General,General,122,Confirmed
299,98765,2024-02-27 21:41:05.258909,59,General,Sleeper,110,Confirmed
300,12345,2024-03-15 21:41:05.258911,11,General,AC 3-Tier,13,Confirmed
301,11223,2024-03-13 21:41:05.258913,31,Senior Citizen,General,155,Waitlist
302,11223,2024-09-04 21:41:05.258915,95,General,AC 3-Tier,100,Waitlist
303,12345,2024-07-02 21:41:05.258917,91,Ladies,General,135,Waitlist
304,11223,2024-01-05 21:41:05.258919,12,Ladies,General,22,Confirmed
305,67890,2024-05-09 21:41:05.258922,30,Ladies,AC 2-Tier,74,Confirmed
306,98765,2024-08-01 21:41:05.258924,77,Ladies,AC 3-Tier,132,Waitlist
307,12345,2024-09-03 21:41:05.258926,19,General,Sleeper,23,Confirmed
308,98765,2024-08-13 21:41:05.258928,17,Ladies,AC 2-Tier,119,Waitlist
309,11223,2023-12-16 21:41:05.258930,92,General,AC 2-Tier,70,Waitlist
310,11223,2024-01-07 21:41:05.258933,59,Senior Citizen,Sleeper,84,Waitlist
311,12345,2024-09-13 21:41:05.258935,62,Ladies,AC 2-Tier,101,Confirmed
312,67890,2024-03-14 21:41:05.258937,5,Tatkal,General,84,Confirmed
313,54321,2023-12-22 21:41:05.258940,31,Ladies,General,161,Confirmed
314,12345,2024-07-05 21:41:05.258942,92,Ladies,AC 3-Tier,28,Waitlist
315,54321,2024-01-23 21:41:05.258944,42,General,AC 3-Tier,136,Waitlist
316,54321,2024-01-03 21:41:05.258946,1,Ladies,Sleeper,1,Confirmed
317,67890,2023-10-30 21:41:05.258949,59,Tatkal,AC 3-Tier,165,Waitlist
318,54321,2024-06-04 21:41:05.258951,22,General,General,63,Waitlist
319,54321,2024-09-22 21:41:05.258953,82,General,Sleeper,22,Confirmed
320,67890,2024-05-15 21:41:05.258955,30,Senior Citizen,Sleeper,70,Waitlist
321,54321,2024-04-06 21:41:05.258958,4,Senior Citizen,AC 3-Tier,125,Confirmed
322,54321,2023-11-06 21:41:05.258960,82,Ladies,General,149,Confirmed
323,54321,2023-11-19 21:41:05.258962,33,Senior Citizen,Sleeper,96,Confirmed
324,12345,2024-02-27 21:41:05.258964,9,Senior Citizen,General,163,Confirmed
325,12345,2024-07-09 21:41:05.258967,88,Senior Citizen,General,79,Waitlist
326,12345,2024-02-19 21:41:05.258969,1,General,General,5,Waitlist
327,67890,2024-06-18 21:41:05.258971,10,General,AC 3-Tier,60,Confirmed
328,11223,2023-12-31 21:41:05.258973,49,General,AC 2-Tier,120,Waitlist
329,54321,2024-09-15 21:41:05.258976,30,Senior Citizen,AC 2-Tier,46,Confirmed
330,54321,2024-04-23 21:41:05.258978,55,General,Sleeper,178,Waitlist
331,67890,2024-04-30 21:41:05.258980,78,Senior Citizen,General,176,Waitlist
332,54321,2024-06-13 21:41:05.258982,72,General,AC 3-Tier,134,Confirmed
333,12345,2024-03-25 21:41:05.258984,86,General,General,56,Waitlist
334,11223,2023-12-03 21:41:05.258987,82,Tatkal,General,110,Waitlist
335,98765,2024-06-23 21:41:05.258989,8,Ladies,AC 3-Tier,157,Confirmed
336,54321,2024-05-21 21:41:05.258991,98,Senior Citizen,AC 2-Tier,104,Waitlist
337,12345,2023-12-11 21:41:05.258993,20,Tatkal,General,77,Confirmed
338,98765,2024-04-11 21:41:05.258996,72,General,General,146,Waitlist
339,11223,2024-03-30 21:41:05.258998,27,Senior Citizen,AC 2-Tier,2,Confirmed
340,98765,2023-10-01 21:41:05.259000,61,General,AC 3-Tier,8,Waitlist
341,12345,2024-08-21 21:41:05.259002,6,Ladies,Sleeper,75,Confirmed
342,98765,2024-09-14 21:41:05.259005,79,Tatkal,AC 2-Tier,125,Waitlist
343,67890,2024-09-25 21:41:05.259007,15,Ladies,Sleeper,38,Waitlist
344,98765,2023-10-16 21:41:05.259009,96,Tatkal,Sleeper,176,Waitlist
345,54321,2024-03-03 21:41:05.259011,3,General,AC 2-Tier,27,Waitlist
346,54321,2024-04-21 21:41:05.259013,3,Ladies,General,20,Confirmed
347,67890,2024-09-13 21:41:05.259016,39,Ladies,Sleeper,140,Waitlist
348,12345,2024-06-13 21:41:05.259018,16,General,Sleeper,43,Waitlist
349,54321,2023-11-23 21:41:05.259020,51,Ladies,AC 3-Tier,31,Confirmed
350,11223,2024-02-15 21:41:05.259025,92,Senior Citizen,General,91,Confirmed
351,54321,2024-04-12 21:41:05.259030,51,Tatkal,Sleeper,61,Waitlist
352,54321,2024-08-26 21:41:05.259034,35,Tatkal,AC 3-Tier,109,Waitlist
353,12345,2024-01-22 21:41:05.259038,37,Tatkal,General,91,Waitlist
354,98765,2024-01-26 21:41:05.259043,49,Senior Citizen,AC 2-Tier,163,Confirmed
355,54321,2024-01-04 21:41:05.259047,62,Tatkal,AC 2-Tier,95,Waitlist
356,67890,2024-05-11 21:41:05.259052,62,General,AC 3-Tier,143,Waitlist
357,98765,2023-12-30 21:41:05.259056,61,Ladies,AC 2-Tier,144,Confirmed
358,11223,2024-06-25 21:41:05.259061,98,Senior Citizen,Sleeper,13,Waitlist
359,12345,2024-02-15 21:41:05.259065,6,Tatkal,General,113,Waitlist
360,11223,2024-08-21 21:41:05.259070,26,General,Sleeper,35,Waitlist
361,98765,2023-12-02 21:41:05.259074,91,Ladies,Sleeper,149,Confirmed
362,98765,2024-08-31 21:41:05.259078,85,Ladies,AC 2-Tier,158,Waitlist
363,98765,2023-11-16 21:41:05.259083,13,Senior Citizen,Sleeper,48,Confirmed
364,11223,2024-01-28 21:41:05.259087,70,Senior Citizen,AC 2-Tier,35,Waitlist
365,98765,2024-02-06 21:41:05.259092,85,Senior Citizen,General,86,Waitlist
366,11223,2024-03-28 21:41:05.259096,4,General,General,166,Confirmed
367,98765,2024-01-01 21:41:05.259101,54,General,Sleeper,159,Waitlist
368,67890,2024-02-06 21:41:05.259105,1,Senior Citizen,AC 3-Tier,152,Confirmed
369,98765,2024-02-03 21:41:05.259110,61,Tatkal,AC 2-Tier,114,Waitlist
370,11223,2024-01-07 21:41:05.259114,90,Ladies,AC 2-Tier,177,Confirmed
371,54321,2023-10-06 21:41:05.259119,20,Ladies,Sleeper,100,Waitlist
372,98765,2023-10-25 21:41:05.259123,78,General,AC 2-Tier,160,Waitlist
373,54321,2024-07-26 21:41:05.259128,20,Ladies,AC 2-Tier,99,Waitlist
374,67890,2024-04-05 21:41:05.259132,9,Tatkal,AC 3-Tier,3,Waitlist
375,12345,2024-09-26 21:41:05.259136,86,Ladies,AC 3-Tier,85,Confirmed
376,67890,2024-05-10 21:41:05.259141,57,General,Sleeper,125,Waitlist
377,98765,2024-04-24 21:41:05.259145,38,General,AC 3-Tier,138,Waitlist
378,54321,2023-11-10 21:41:05.259150,4,Tatkal,Sleeper,83,Confirmed
379,54321,2024-05-06 21:41:05.259154,64,Tatkal,General,25,Waitlist
380,11223,2023-12-11 21:41:05.259159,12,Ladies,Sleeper,68,Confirmed
381,54321,2024-04-29 21:41:05.259163,84,Ladies,General,61,Confirmed
382,11223,2024-03-20 21:41:05.259168,89,General,Sleeper,29,Waitlist
383,12345,2024-07-18 21:41:05.259172,84,Tatkal,AC 2-Tier,127,Confirmed
384,98765,2023-11-29 21:41:05.259177,52,Tatkal,AC 3-Tier,19,Waitlist
385,11223,2023-10-21 21:41:05.259181,81,Tatkal,General,171,Confirmed
386,12345,2024-05-12 21:41:05.259186,44,Ladies,Sleeper,74,Confirmed
387,54321,2024-03-26 21:41:05.259190,31,Tatkal,AC 3-Tier,61,Waitlist
388,54321,2023-12-11 21:41:05.259194,35,General,Sleeper,171,Waitlist
389,12345,2024-07-30 21:41:05.259199,80,General,AC 3-Tier,153,Waitlist
390,54321,2024-03-15 21:41:05.259204,98,Ladies,AC 3-Tier,20,Waitlist
391,12345,2023-12-09 21:41:05.259208,59,Senior Citizen,Sleeper,48,Confirmed
392,11223,2023-11-15 21:41:05.259213,10,Ladies,General,87,Waitlist
393,11223,2023-12-02 21:41:05.259217,62,Senior Citizen,General,152,Waitlist
394,12345,2023-10-21 21:41:05.259222,20,Tatkal,AC 2-Tier,139,Confirmed
395,11223,2024-09-18 21:41:05.259226,51,Ladies,AC 3-Tier,110,Waitlist
396,11223,2024-07-29 21:41:05.259231,54,General,AC 2-Tier,28,Waitlist
397,11223,2023-11-01 21:41:05.259235,25,Tatkal,AC 2-Tier,59,Waitlist
398,67890,2024-02-16 21:41:05.259240,67,General,Sleeper,133,Waitlist
399,98765,2024-04-29 21:41:05.259244,33,Tatkal,Sleeper,51,Confirmed
400,54321,2024-03-14 21:41:05.259249,51,Ladies,Sleeper,149,Confirmed
401,67890,2024-08-08 21:41:05.259253,81,Senior Citizen,AC 3-Tier,12,Waitlist
402,11223,2024-01-13 21:41:05.259258,98,Tatkal,Sleeper,50,Waitlist
403,12345,2024-08-01 21:41:05.259263,92,Senior Citizen,Sleeper,132,Confirmed
404,11223,2024-07-19 21:41:05.259267,51,Tatkal,AC 3-Tier,113,Waitlist
405,98765,2024-05-04 21:41:05.259272,28,General,AC 3-Tier,170,Waitlist
406,11223,2023-10-16 21:41:05.259276,37,General,General,166,Waitlist
407,12345,2024-07-28 21:41:05.259280,41,Tatkal,Sleeper,153,Waitlist
408,98765,2023-11-24 21:41:05.259285,20,Senior Citizen,Sleeper,14,Confirmed
409,11223,2024-01-30 21:41:05.259289,41,Ladies,Sleeper,32,Waitlist
410,98765,2023-11-04 21:41:05.259294,12,Ladies,General,139,Confirmed
411,54321,2024-06-14 21:41:05.259298,63,General,Sleeper,146,Waitlist
412,54321,2024-02-16 21:41:05.259303,16,Ladies,General,155,Waitlist
413,11223,2023-11-21 21:41:05.259307,8,General,AC 2-Tier,55,Confirmed
414,98765,2024-02-24 21:41:05.259312,40,Ladies,General,120,Waitlist
415,12345,2024-02-01 21:41:05.259316,0,Tatkal,AC 2-Tier,75,Confirmed
416,11223,2024-01-14 21:41:05.259321,1,General,Sleeper,21,Waitlist
417,54321,2024-01-11 21:41:05.259325,59,General,AC 2-Tier,172,Waitlist
418,54321,2024-09-24 21:41:05.259330,47,Tatkal,General,133,Confirmed
419,11223,2024-01-12 21:41:05.259334,28,General,AC 3-Tier,87,Waitlist
420,98765,2024-08-06 21:41:05.259339,96,Ladies,AC 2-Tier,169,Confirmed
421,54321,2024-08-13 21:41:05.259343,9,Ladies,AC 2-Tier,59,Confirmed
422,98765,2024-02-27 21:41:05.259348,57,General,Sleeper,89,Waitlist
423,54321,2024-04-05 21:41:05.259352,59,Ladies,General,150,Waitlist
424,54321,2024-09-20 21:41:05.259356,20,Senior Citizen,AC 2-Tier,83,Waitlist
425,67890,2024-06-22 21:41:05.259361,27,General,AC 2-Tier,65,Waitlist
426,54321,2024-09-09 21:41:05.259365,74,Tatkal,AC 2-Tier,64,Waitlist
427,12345,2024-02-01 21:41:05.259369,33,Senior Citizen,AC 2-Tier,71,Waitlist
428,11223,2024-07-30 21:41:05.259374,7,General,AC 3-Tier,4,Waitlist
429,11223,2024-04-04 21:41:05.259378,58,Tatkal,General,143,Confirmed
430,98765,2023-10-27 21:41:05.259400,85,Ladies,Sleeper,104,Waitlist
431,54321,2024-07-29 21:41:05.259405,71,Tatkal,Sleeper,150,Confirmed
432,12345,2024-05-07 21:41:05.259409,48,Senior Citizen,AC 3-Tier,175,Waitlist
433,98765,2024-02-26 21:41:05.259414,78,Ladies,General,93,Confirmed
434,67890,2024-09-26 21:41:05.259418,16,General,AC 2-Tier,174,Confirmed
435,98765,2024-04-22 21:41:05.259422,59,Ladies,AC 3-Tier,142,Waitlist
436,98765,2024-02-15 21:41:05.259427,86,General,General,178,Waitlist
437,54321,2024-01-04 21:41:05.259431,87,General,AC 2-Tier,148,Waitlist
438,67890,2024-06-01 21:41:05.259436,44,Tatkal,AC 3-Tier,178,Confirmed
439,98765,2024-07-02 21:41:05.259440,82,Tatkal,General,112,Waitlist
440,12345,2023-11-05 21:41:05.259445,68,Tatkal,Sleeper,161,Waitlist
441,12345,2024-07-23 21:41:05.259449,31,Senior Citizen,Sleeper,119,Confirmed
442,11223,2023-10-08 21:41:05.259454,43,Senior Citizen,General,59,Confirmed
443,67890,2024-06-23 21:41:05.259458,64,Tatkal,Sleeper,43,Waitlist
444,67890,2024-01-06 21:41:05.259463,86,Senior Citizen,General,12,Confirmed
445,11223,2024-06-16 21:41:05.259467,7,Ladies,AC 2-Tier,40,Waitlist
446,98765,2023-11-11 21:41:05.259471,76,Ladies,General,118,Waitlist
447,67890,2024-05-29 21:41:05.259476,71,Senior Citizen,AC 2-Tier,20,Waitlist
448,12345,2024-08-31 21:41:05.259480,86,Senior Citizen,AC 3-Tier,166,Confirmed
449,12345,2024-05-15 21:41:05.259485,42,Ladies,General,131,Waitlist
450,54321,2024-03-18 21:41:05.259489,0,General,AC 3-Tier,156,Confirmed
451,67890,2024-02-16 21:41:05.259494,50,Ladies,Sleeper,90,Waitlist
452,98765,2023-11-02 21:41:05.259498,23,Ladies,AC 2-Tier,94,Waitlist
453,11223,2024-04-12 21:41:05.259503,98,Senior Citizen,General,13,Waitlist
454,11223,2024-09-20 21:41:05.259507,23,Ladies,AC 3-Tier,66,Waitlist
455,98765,2024-08-20 21:41:05.259511,16,Senior Citizen,AC 2-Tier,37,Waitlist
456,54321,2024-09-04 21:41:05.259516,4,Senior Citizen,AC 2-Tier,177,Waitlist
457,11223,2024-01-12 21:41:05.259520,19,Tatkal,Sleeper,66,Waitlist
458,67890,2024-02-16 21:41:05.259525,20,Ladies,Sleeper,36,Waitlist
459,54321,2024-05-28 21:41:05.259530,57,General,AC 2-Tier,26,Waitlist
460,67890,2024-08-22 21:41:05.259534,30,Tatkal,AC 2-Tier,75,Waitlist
461,12345,2023-11-06 21:41:05.259538,99,Senior Citizen,General,108,Waitlist
462,54321,2024-01-22 21:41:05.259543,10,Senior Citizen,AC 2-Tier,168,Confirmed
463,11223,2024-04-06 21:41:05.259547,51,General,General,43,Confirmed
464,54321,2024-07-01 21:41:05.259552,14,Senior Citizen,AC 2-Tier,150,Confirmed
465,54321,2024-08-23 21:41:05.259556,82,Ladies,Sleeper,148,Waitlist
466,54321,2023-11-18 21:41:05.259561,6,Tatkal,General,8,Confirmed
467,54321,2024-04-06 21:41:05.259565,27,Senior Citizen,AC 3-Tier,29,Confirmed
468,67890,2023-12-20 21:41:05.259569,50,Senior Citizen,Sleeper,40,Waitlist
469,12345,2024-07-10 21:41:05.259574,57,General,General,158,Confirmed
470,98765,2024-06-07 21:41:05.259578,4,Ladies,General,128,Confirmed
471,54321,2024-08-20 21:41:05.259583,4,Senior Citizen,AC 3-Tier,84,Confirmed
472,11223,2023-12-03 21:41:05.259587,93,General,General,116,Confirmed
473,54321,2024-02-18 21:41:05.259592,95,Senior Citizen,AC 2-Tier,144,Confirmed
474,11223,2023-11-16 21:41:05.259596,7,General,AC 3-Tier,174,Confirmed
475,67890,2023-10-16 21:41:05.259600,63,General,Sleeper,62,Confirmed
476,11223,2024-06-06 21:41:05.259605,9,Ladies,Sleeper,7,Confirmed
477,98765,2024-03-27 21:41:05.259609,37,Senior Citizen,AC 2-Tier,45,Waitlist
478,12345,2023-11-11 21:41:05.259614,95,Ladies,Sleeper,176,Waitlist
479,11223,2024-08-04 21:41:05.259618,91,General,General,155,Waitlist
480,11223,2024-08-20 21:41:05.259623,80,Tatkal,General,88,Waitlist
481,12345,2023-10-11 21:41:05.259627,94,Senior Citizen,AC 2-Tier,73,Confirmed
482,98765,2024-08-20 21:41:05.259631,7,Tatkal,Sleeper,163,Confirmed
483,54321,2023-10-18 21:41:05.259636,24,Senior Citizen,Sleeper,179,Confirmed
484,11223,2024-02-05 21:41:05.259640,72,Ladies,AC 2-Tier,37,Confirmed
485,12345,2023-12-15 21:41:05.259645,65,Ladies,AC 3-Tier,119,Waitlist
486,67890,2024-01-11 21:41:05.259649,78,Ladies,Sleeper,57,Waitlist
487,12345,2024-02-26 21:41:05.259654,49,Ladies,AC 3-Tier,8,Waitlist
488,67890,2024-05-05 21:41:05.259658,66,Ladies,Sleeper,95,Waitlist
489,98765,2023-10-29 21:41:05.259662,48,Tatkal,Sleeper,117,Waitlist
490,54321,2024-04-14 21:41:05.259667,35,Ladies,Sleeper,110,Confirmed
491,12345,2024-06-29 21:41:05.259671,67,General,Sleeper,20,Confirmed
492,11223,2023-10-12 21:41:05.259676,77,General,General,124,Confirmed
493,98765,2024-08-01 21:41:05.259680,40,Tatkal,AC 3-Tier,53,Confirmed
494,12345,2024-08-01 21:41:05.259684,88,Senior Citizen,AC 3-Tier,119,Waitlist
495,11223,2023-11-30 21:41:05.259689,61,General,Sleeper,12,Waitlist
496,12345,2024-04-13 21:41:05.259693,9,Senior Citizen,Sleeper,177,Confirmed
497,67890,2024-01-04 21:41:05.259697,20,Tatkal,AC 3-Tier,17,Waitlist
498,12345,2023-10-02 21:41:05.259702,35,Senior Citizen,General,64,Waitlist
499,12345,2024-08-15 21:41:05.259706,11,Senior Citizen,AC 2-Tier,42,Confirmed
500,12345,2023-10-20 21:41:05.259711,90,Senior Citizen,AC 2-Tier,94,Confirmed
501,98765,2024-04-01 21:41:05.259715,1,Senior Citizen,AC 3-Tier,157,Confirmed
502,12345,2024-04-12 21:41:05.259719,12,Tatkal,Sleeper,147,Confirmed
503,11223,2023-10-09 21:41:05.259724,52,General,Sleeper,11,Confirmed
504,67890,2024-03-22 21:41:05.259728,31,Ladies,General,98,Waitlist
505,67890,2024-04-27 21:41:05.259733,94,Senior Citizen,AC 2-Tier,178,Confirmed
506,12345,2024-03-25 21:41:05.259737,15,General,General,71,Confirmed
507,98765,2024-09-22 21:41:05.259742,31,General,AC 2-Tier,108,Waitlist
508,98765,2024-05-19 21:41:05.259746,31,Tatkal,AC 3-Tier,58,Waitlist
509,11223,2024-02-07 21:41:05.259750,97,General,AC 2-Tier,34,Waitlist
510,12345,2024-08-15 21:41:05.259755,10,Tatkal,General,20,Confirmed
511,67890,2023-11-20 21:41:05.259759,9,Senior Citizen,General,50,Confirmed
512,98765,2024-01-24 21:41:05.259764,14,Senior Citizen,General,102,Confirmed
513,12345,2024-08-29 21:41:05.259768,16,Ladies,AC 3-Tier,138,Confirmed
514,98765,2024-09-06 21:41:05.259772,39,Ladies,AC 2-Tier,160,Confirmed
515,98765,2024-04-22 21:41:05.259777,17,Ladies,AC 2-Tier,52,Waitlist
516,67890,2023-10-02 21:41:05.259781,54,General,General,15,Waitlist
517,54321,2024-04-24 21:41:05.259786,72,Senior Citizen,AC 2-Tier,84,Waitlist
518,11223,2024-08-21 21:41:05.259790,24,Tatkal,Sleeper,131,Waitlist
519,11223,2024-07-09 21:41:05.259794,58,Ladies,Sleeper,37,Waitlist
520,67890,2023-10-09 21:41:05.259799,77,Tatkal,Sleeper,126,Confirmed
521,98765,2024-01-15 21:41:05.259803,88,Tatkal,AC 2-Tier,40,Waitlist
522,12345,2024-03-07 21:41:05.259808,21,Ladies,AC 3-Tier,72,Confirmed
523,98765,2024-07-14 21:41:05.259812,29,Senior Citizen,AC 3-Tier,40,Confirmed
524,67890,2024-09-17 21:41:05.259817,83,Ladies,AC 3-Tier,56,Waitlist
525,11223,2023-12-09 21:41:05.259821,84,Tatkal,AC 3-Tier,151,Waitlist
526,98765,2024-02-18 21:41:05.259826,43,Ladies,Sleeper,104,Waitlist
527,11223,2024-09-16 21:41:05.259830,31,Tatkal,Sleeper,139,Waitlist
528,12345,2024-08-14 21:41:05.259835,50,Tatkal,General,110,Waitlist
529,11223,2024-04-27 21:41:05.259839,45,Ladies,AC 2-Tier,136,Confirmed
530,11223,2024-06-08 21:41:05.259843,20,General,AC 2-Tier,93,Confirmed
531,54321,2024-02-09 21:41:05.259848,98,Ladies,AC 3-Tier,94,Confirmed
532,54321,2024-09-12 21:41:05.259852,31,General,Sleeper,56,Waitlist
533,54321,2023-10-05 21:41:05.259856,93,Tatkal,AC 3-Tier,60,Waitlist
534,11223,2024-02-19 21:41:05.259861,38,Tatkal,General,138,Waitlist
535,67890,2023-10-11 21:41:05.259866,11,General,AC 2-Tier,39,Confirmed
536,11223,2024-03-25 21:41:05.259870,46,Tatkal,AC 2-Tier,28,Waitlist
537,67890,2023-10-21 21:41:05.259874,17,General,AC 3-Tier,49,Confirmed
538,67890,2024-04-19 21:41:05.259879,20,General,General,164,Waitlist
539,54321,2023-11-08 21:41:05.259883,12,Tatkal,AC 2-Tier,125,Waitlist
540,98765,2024-07-17 21:41:05.259888,20,Senior Citizen,General,13,Waitlist
541,12345,2024-02-09 21:41:05.259892,7,General,General,36,Waitlist
542,54321,2024-02-18 21:41:05.259897,45,Ladies,AC 3-Tier,101,Confirmed
543,54321,2023-11-15 21:41:05.259901,6,Ladies,Sleeper,26,Waitlist
544,98765,2024-07-31 21:41:05.259906,22,Tatkal,AC 3-Tier,86,Waitlist
545,12345,2023-10-30 21:41:05.259910,95,Senior Citizen,Sleeper,4,Confirmed
546,11223,2024-02-20 21:41:05.259915,74,Tatkal,General,82,Waitlist
547,11223,2024-08-23 21:41:05.259919,85,Senior Citizen,Sleeper,166,Waitlist
548,54321,2023-12-26 21:41:05.259924,21,General,General,127,Waitlist
549,12345,2024-03-17 21:41:05.259928,88,General,AC 2-Tier,88,Confirmed
550,54321,2023-10-13 21:41:05.259933,21,General,AC 2-Tier,127,Waitlist
551,67890,2024-01-31 21:41:05.259937,91,General,AC 2-Tier,120,Waitlist
552,54321,2023-11-10 21:41:05.259942,28,Ladies,AC 3-Tier,22,Waitlist
553,54321,2024-02-23 21:41:05.259946,12,Ladies,AC 3-Tier,130,Confirmed
554,11223,2024-03-21 21:41:05.259951,81,Tatkal,General,31,Waitlist
555,11223,2024-09-12 21:41:05.259955,1,Senior Citizen,AC 2-Tier,119,Waitlist
556,11223,2024-09-17 21:41:05.259959,28,General,AC 3-Tier,11,Waitlist
557,67890,2024-03-20 21:41:05.259964,84,General,AC 2-Tier,46,Waitlist
558,11223,2024-09-07 21:41:05.259968,78,Senior Citizen,AC 3-Tier,96,Confirmed
559,12345,2024-06-01 21:41:05.259972,51,Senior Citizen,Sleeper,10,Waitlist
560,98765,2024-03-03 21:41:05.259977,26,Tatkal,Sleeper,168,Confirmed
561,12345,2023-11-28 21:41:05.259981,49,Senior Citizen,AC 2-Tier,128,Waitlist
562,12345,2024-01-03 21:41:05.259986,94,General,General,152,Waitlist
563,11223,2024-03-21 21:41:05.259990,78,General,AC 3-Tier,99,Waitlist
564,98765,2024-04-07 21:41:05.259995,22,General,AC 3-Tier,172,Waitlist
565,98765,2023-12-19 21:41:05.259999,87,General,Sleeper,112,Waitlist
566,98765,2024-03-09 21:41:05.260003,43,General,Sleeper,60,Confirmed
567,67890,2024-04-18 21:41:05.260008,76,Tatkal,General,87,Waitlist
568,11223,2024-01-22 21:41:05.260012,21,General,General,145,Waitlist
569,98765,2024-02-15 21:41:05.260016,42,Tatkal,General,65,Confirmed
570,67890,2024-09-22 21:41:05.260021,36,General,AC 2-Tier,57,Confirmed
571,54321,2024-08-31 21:41:05.260025,60,Ladies,Sleeper,106,Waitlist
572,54321,2024-08-27 21:41:05.260029,96,Ladies,AC 2-Tier,9,Waitlist
573,67890,2024-05-18 21:41:05.260034,55,Ladies,Sleeper,22,Waitlist
574,67890,2024-07-12 21:41:05.260038,2,Ladies,Sleeper,141,Waitlist
575,11223,2024-08-02 21:41:05.260042,62,Tatkal,AC 3-Tier,89,Confirmed
576,11223,2024-09-03 21:41:05.260047,18,Tatkal,Sleeper,176,Waitlist
577,54321,2024-02-16 21:41:05.260051,22,Senior Citizen,Sleeper,18,Waitlist
578,98765,2023-12-19 21:41:05.260056,28,General,AC 2-Tier,115,Waitlist
579,54321,2024-09-25 21:41:05.260060,29,Ladies,Sleeper,168,Waitlist
580,98765,2024-06-22 21:41:05.260065,38,Tatkal,AC 2-Tier,145,Waitlist
581,98765,2024-08-21 21:41:05.260069,24,General,General,143,Waitlist
582,11223,2024-01-02 21:41:05.260073,7,General,Sleeper,106,Confirmed
583,12345,2023-12-19 21:41:05.260078,57,Tatkal,Sleeper,15,Confirmed
584,12345,2024-04-25 21:41:05.260083,15,Ladies,AC 2-Tier,63,Waitlist
585,67890,2024-07-16 21:41:05.260087,71,Senior Citizen,General,167,Waitlist
586,11223,2023-12-16 21:41:05.260091,0,General,AC 3-Tier,13,Confirmed
587,98765,2024-05-22 21:41:05.260096,4,Senior Citizen,General,81,Confirmed
588,12345,2024-04-07 21:41:05.260100,2,Ladies,AC 2-Tier,32,Confirmed
589,98765,2024-07-07 21:41:05.260105,64,Ladies,General,137,Confirmed
590,12345,2024-09-07 21:41:05.260109,3,Senior Citizen,AC 2-Tier,40,Confirmed
591,12345,2024-09-02 21:41:05.260113,98,Ladies,AC 2-Tier,148,Waitlist
592,12345,2024-03-18 21:41:05.260118,95,General,AC 3-Tier,82,Waitlist
593,11223,2023-10-28 21:41:05.260122,63,Senior Citizen,Sleeper,77,Confirmed
594,54321,2024-02-06 21:41:05.260127,97,Ladies,AC 2-Tier,76,Waitlist
595,98765,2024-06-29 21:41:05.260131,88,Senior Citizen,AC 2-Tier,172,Waitlist
596,11223,2024-09-08 21:41:05.260136,9,General,AC 3-Tier,38,Waitlist
597,11223,2023-12-01 21:41:05.260140,20,Ladies,AC 2-Tier,71,Waitlist
598,11223,2023-10-08 21:41:05.260144,45,General,Sleeper,48,Waitlist
599,11223,2024-07-07 21:41:05.260149,90,Ladies,AC 3-Tier,18,Waitlist
600,11223,2024-01-11 21:41:05.260153,26,Tatkal,Sleeper,144,Confirmed
601,67890,2024-05-05 21:41:05.260158,65,Ladies,Sleeper,39,Confirmed
602,98765,2024-01-16 21:41:05.260162,40,Senior Citizen,AC 3-Tier,89,Waitlist
603,11223,2024-08-02 21:41:05.260167,12,Ladies,AC 2-Tier,62,Confirmed
604,98765,2024-09-14 21:41:05.260171,8,General,Sleeper,141,Confirmed
605,67890,2024-04-20 21:41:05.260176,35,General,Sleeper,109,Waitlist
606,67890,2024-04-19 21:41:05.260180,85,Ladies,Sleeper,81,Confirmed
607,98765,2023-11-14 21:41:05.260185,89,Senior Citizen,Sleeper,134,Waitlist
608,12345,2023-12-23 21:41:05.260189,57,Tatkal,AC 3-Tier,77,Confirmed
609,54321,2023-12-24 21:41:05.260194,53,Senior Citizen,AC 3-Tier,90,Waitlist
610,12345,2024-09-17 21:41:05.260198,11,Tatkal,General,14,Confirmed
611,12345,2023-12-30 21:41:05.260203,80,General,General,95,Waitlist
612,12345,2024-01-02 21:41:05.260207,77,Senior Citizen,Sleeper,54,Waitlist
613,11223,2024-03-05 21:41:05.260212,13,Tatkal,AC 2-Tier,132,Confirmed
614,67890,2024-09-02 21:41:05.260216,33,Ladies,Sleeper,39,Waitlist
615,12345,2024-07-19 21:41:05.260221,52,General,AC 2-Tier,72,Confirmed
616,67890,2024-07-31 21:41:05.260225,19,Ladies,Sleeper,25,Waitlist
617,98765,2024-05-07 21:41:05.260229,74,General,General,77,Waitlist
618,54321,2024-06-28 21:41:05.260234,15,Senior Citizen,General,160,Waitlist
619,98765,2023-11-25 21:41:05.260238,94,Senior Citizen,AC 2-Tier,166,Waitlist
620,98765,2024-09-21 21:41:05.260243,69,General,Sleeper,120,Waitlist
621,11223,2024-07-12 21:41:05.260247,55,General,AC 2-Tier,53,Confirmed
622,54321,2024-09-02 21:41:05.260251,82,General,General,156,Confirmed
623,98765,2024-04-08 21:41:05.260256,57,Senior Citizen,Sleeper,131,Waitlist
624,98765,2024-08-10 21:41:05.260260,3,Tatkal,Sleeper,150,Confirmed
625,54321,2024-03-14 21:41:05.260265,3,Ladies,AC 2-Tier,96,Waitlist
626,54321,2023-10-16 21:41:05.260269,19,Ladies,AC 3-Tier,166,Waitlist
627,98765,2024-04-01 21:41:05.260274,9,Senior Citizen,AC 2-Tier,72,Waitlist
628,54321,2024-09-05 21:41:05.260278,23,Ladies,General,62,Waitlist
629,98765,2023-11-18 21:41:05.260282,98,General,General,6,Waitlist
630,98765,2024-08-14 21:41:05.260287,25,Tatkal,General,32,Waitlist
631,11223,2024-09-14 21:41:05.260292,36,Ladies,General,99,Waitlist
632,12345,2024-04-29 21:41:05.260296,84,Tatkal,General,138,Confirmed
633,98765,2024-02-20 21:41:05.260300,53,General,AC 3-Tier,131,Waitlist
634,67890,2024-03-07 21:41:05.260305,20,Ladies,Sleeper,76,Confirmed
635,12345,2023-12-31 21:41:05.260309,73,Senior Citizen,AC 2-Tier,177,Confirmed
636,12345,2024-02-06 21:41:05.260314,37,Tatkal,AC 2-Tier,59,Waitlist
637,12345,2023-10-25 21:41:05.260318,45,General,General,31,Waitlist
638,11223,2024-02-14 21:41:05.260323,3,Tatkal,AC 2-Tier,93,Confirmed
639,98765,2024-09-20 21:41:05.260327,59,Ladies,General,69,Waitlist
640,11223,2024-04-16 21:41:05.260331,56,Ladies,AC 3-Tier,52,Waitlist
641,98765,2023-11-15 21:41:05.260336,44,Senior Citizen,AC 3-Tier,89,Confirmed
642,11223,2024-02-28 21:41:05.260341,19,General,Sleeper,127,Confirmed
643,11223,2024-06-04 21:41:05.260345,16,General,AC 3-Tier,169,Confirmed
644,67890,2023-10-21 21:41:05.260349,70,Senior Citizen,AC 3-Tier,31,Waitlist
645,11223,2024-07-19 21:41:05.260354,3,Senior Citizen,Sleeper,84,Confirmed
646,54321,2024-07-27 21:41:05.260358,92,General,AC 2-Tier,127,Waitlist
647,67890,2024-03-08 21:41:05.260363,13,Tatkal,General,150,Waitlist
648,11223,2024-03-04 21:41:05.260367,2,Tatkal,General,132,Waitlist
649,12345,2024-07-19 21:41:05.260371,87,Senior Citizen,AC 2-Tier,13,Confirmed
650,54321,2023-12-27 21:41:05.260376,79,Tatkal,Sleeper,45,Waitlist
651,54321,2023-12-30 21:41:05.260380,57,General,AC 2-Tier,127,Waitlist
652,54321,2023-11-14 21:41:05.260385,54,Ladies,AC 3-Tier,170,Waitlist
653,67890,2023-10-27 21:41:05.260390,3,Ladies,Sleeper,114,Waitlist
654,11223,2024-06-26 21:41:05.260394,23,Tatkal,Sleeper,177,Confirmed
655,11223,2024-04-16 21:41:05.260399,33,Senior Citizen,Sleeper,20,Confirmed
656,12345,2024-08-28 21:41:05.260403,29,Senior Citizen,General,81,Waitlist
657,12345,2024-09-18 21:41:05.260407,81,Senior Citizen,AC 2-Tier,164,Waitlist
658,54321,2023-12-03 21:41:05.260412,18,Senior Citizen,Sleeper,129,Waitlist
659,12345,2024-02-25 21:41:05.260416,30,Senior Citizen,Sleeper,143,Waitlist
660,67890,2023-12-15 21:41:05.260421,59,Tatkal,Sleeper,17,Waitlist
661,11223,2024-06-19 21:41:05.260425,59,Ladies,AC 2-Tier,152,Waitlist
662,54321,2024-01-06 21:41:05.260430,18,Ladies,General,58,Waitlist
663,12345,2024-02-28 21:41:05.260434,48,Tatkal,AC 3-Tier,72,Waitlist
664,67890,2024-04-03 21:41:05.260439,62,Senior Citizen,General,109,Confirmed
665,67890,2024-07-03 21:41:05.260443,82,Tatkal,Sleeper,23,Waitlist
666,12345,2024-08-19 21:41:05.260447,21,Ladies,General,174,Confirmed
667,11223,2024-07-15 21:41:05.260452,23,General,General,72,Waitlist
668,12345,2024-08-14 21:41:05.260456,75,Tatkal,AC 3-Tier,8,Waitlist
669,54321,2024-04-22 21:41:05.260461,29,Senior Citizen,AC 2-Tier,59,Confirmed
670,12345,2024-07-11 21:41:05.260465,57,Ladies,AC 2-Tier,111,Confirmed
671,67890,2023-11-24 21:41:05.260469,30,Ladies,General,13,Confirmed
672,12345,2024-07-05 21:41:05.260474,99,Ladies,General,167,Waitlist
673,11223,2024-06-29 21:41:05.260478,63,Ladies,AC 2-Tier,156,Waitlist
674,98765,2024-05-04 21:41:05.260483,18,Senior Citizen,AC 2-Tier,16,Waitlist
675,12345,2024-04-21 21:41:05.260487,47,General,AC 3-Tier,119,Waitlist
676,11223,2024-03-11 21:41:05.260492,44,Ladies,Sleeper,2,Waitlist
677,11223,2024-01-31 21:41:05.260496,99,Tatkal,General,145,Waitlist
678,67890,2023-10-12 21:41:05.260501,93,General,AC 2-Tier,30,Waitlist
679,11223,2024-09-27 21:41:05.260505,54,Ladies,General,103,Waitlist
680,11223,2024-02-17 21:41:05.260509,54,General,General,13,Waitlist
681,11223,2023-12-15 21:41:05.260514,96,Tatkal,AC 2-Tier,96,Waitlist
682,11223,2024-02-09 21:41:05.260518,17,Ladies,AC 3-Tier,94,Waitlist
683,54321,2024-07-14 21:41:05.260523,62,Tatkal,General,82,Waitlist
684,54321,2024-06-05 21:41:05.260527,91,Senior Citizen,AC 3-Tier,13,Confirmed
685,67890,2024-04-28 21:41:05.260532,46,Ladies,AC 2-Tier,171,Waitlist
686,12345,2024-06-18 21:41:05.260536,74,Ladies,Sleeper,94,Waitlist
687,11223,2024-03-19 21:41:05.260540,56,Ladies,Sleeper,149,Waitlist
688,12345,2024-04-16 21:41:05.260545,44,Ladies,General,112,Waitlist
689,12345,2023-10-06 21:41:05.260549,32,Senior Citizen,AC 2-Tier,55,Confirmed
690,67890,2024-07-01 21:41:05.260554,16,Ladies,AC 3-Tier,81,Confirmed
691,11223,2024-04-08 21:41:05.260558,69,General,General,168,Waitlist
692,11223,2024-05-30 21:41:05.260562,3,Ladies,AC 2-Tier,116,Confirmed
693,98765,2024-05-09 21:41:05.260567,19,Senior Citizen,AC 2-Tier,143,Waitlist
694,12345,2024-06-15 21:41:05.260571,46,Ladies,AC 3-Tier,108,Confirmed
695,12345,2023-11-29 21:41:05.260576,90,General,General,53,Waitlist
696,54321,2023-10-05 21:41:05.260580,14,Senior Citizen,AC 2-Tier,128,Confirmed
697,98765,2023-11-17 21:41:05.260585,69,Senior Citizen,AC 2-Tier,158,Waitlist
698,54321,2024-05-29 21:41:05.260589,46,General,AC 2-Tier,161,Waitlist
699,54321,2024-09-20 21:41:05.260594,77,General,AC 3-Tier,57,Waitlist
700,54321,2024-01-11 21:41:05.260598,74,General,General,52,Waitlist
701,67890,2024-07-18 21:41:05.260603,8,General,General,137,Confirmed
702,67890,2023-10-06 21:41:05.260607,89,General,General,111,Waitlist
703,54321,2024-02-19 21:41:05.260612,15,Senior Citizen,General,1,Confirmed
704,98765,2024-08-19 21:41:05.260616,68,Senior Citizen,Sleeper,44,Waitlist
705,12345,2024-03-09 21:41:05.260621,60,Ladies,Sleeper,75,Waitlist
706,98765,2024-01-09 21:41:05.260625,9,Ladies,General,98,Confirmed
707,11223,2023-11-06 21:41:05.260629,49,Tatkal,AC 3-Tier,9,Waitlist
708,67890,2024-04-04 21:41:05.260634,2,Ladies,Sleeper,32,Waitlist
709,12345,2023-10-17 21:41:05.260638,76,Ladies,AC 2-Tier,15,Waitlist
710,12345,2023-11-16 21:41:05.260643,93,General,Sleeper,140,Confirmed
711,11223,2024-07-07 21:41:05.260647,69,General,AC 2-Tier,136,Waitlist
712,11223,2023-11-16 21:41:05.260652,80,Ladies,General,72,Confirmed
713,54321,2024-06-10 21:41:05.260656,50,Tatkal,Sleeper,155,Waitlist
714,67890,2024-01-22 21:41:05.260661,18,General,AC 3-Tier,12,Confirmed
715,67890,2024-09-22 21:41:05.260665,41,Ladies,Sleeper,65,Waitlist
716,98765,2024-07-07 21:41:05.260669,34,Ladies,Sleeper,107,Confirmed
717,54321,2024-03-05 21:41:05.260674,45,Senior Citizen,Sleeper,42,Confirmed
718,54321,2023-11-20 21:41:05.260678,25,Tatkal,General,115,Waitlist
719,54321,2024-09-07 21:41:05.260683,68,Senior Citizen,AC 3-Tier,139,Waitlist
720,54321,2024-09-26 21:41:05.260687,92,Tatkal,Sleeper,103,Waitlist
721,67890,2024-05-25 21:41:05.260691,63,General,AC 3-Tier,171,Waitlist
722,67890,2023-12-07 21:41:05.260696,36,Tatkal,General,95,Waitlist
723,54321,2024-03-25 21:41:05.260700,83,Ladies,AC 2-Tier,17,Waitlist
724,98765,2023-10-03 21:41:05.260705,48,Ladies,Sleeper,160,Waitlist
725,12345,2024-09-15 21:41:05.260709,20,Tatkal,AC 3-Tier,85,Confirmed
726,12345,2024-09-17 21:41:05.260713,73,Tatkal,AC 3-Tier,168,Waitlist
727,98765,2024-07-04 21:41:05.260718,63,Tatkal,General,151,Waitlist
728,54321,2024-09-17 21:41:05.260722,4,Senior Citizen,Sleeper,56,Confirmed
729,67890,2024-09-04 21:41:05.260727,99,Tatkal,AC 2-Tier,134,Waitlist
730,12345,2023-12-03 21:41:05.260731,69,General,AC 3-Tier,86,Waitlist
731,11223,2024-01-30 21:41:05.260736,89,Senior Citizen,Sleeper,178,Waitlist
732,11223,2024-05-30 21:41:05.260740,3,Senior Citizen,AC 2-Tier,102,Confirmed
733,98765,2024-05-05 21:41:05.260744,38,Tatkal,AC 3-Tier,165,Confirmed
734,54321,2024-08-05 21:41:05.260749,34,General,AC 3-Tier,54,Waitlist
735,12345,2024-02-04 21:41:05.260753,0,Senior Citizen,AC 2-Tier,177,Waitlist
736,54321,2023-10-09 21:41:05.260758,23,Ladies,AC 2-Tier,115,Waitlist
737,12345,2024-04-09 21:41:05.260762,56,Senior Citizen,General,139,Confirmed
738,98765,2024-02-21 21:41:05.260766,99,Tatkal,Sleeper,88,Waitlist
739,98765,2024-06-02 21:41:05.260771,69,General,Sleeper,49,Waitlist
740,11223,2023-11-25 21:41:05.260775,40,Tatkal,General,149,Waitlist
741,54321,2024-03-30 21:41:05.260780,53,Ladies,AC 3-Tier,115,Waitlist
742,11223,2023-12-16 21:41:05.260784,45,Ladies,AC 2-Tier,63,Waitlist
743,54321,2023-11-27 21:41:05.260789,59,Ladies,AC 2-Tier,104,Waitlist
744,11223,2023-12-04 21:41:05.260793,59,Tatkal,AC 2-Tier,83,Waitlist
745,67890,2024-07-09 21:41:05.260798,56,Senior Citizen,AC 3-Tier,103,Waitlist
746,67890,2024-03-02 21:41:05.260802,30,Tatkal,AC 2-Tier,156,Confirmed
747,67890,2024-05-02 21:41:05.260807,83,General,AC 2-Tier,17,Waitlist
748,67890,2024-08-23 21:41:05.260811,23,Senior Citizen,General,6,Waitlist
749,12345,2023-10-13 21:41:05.260815,88,Ladies,AC 3-Tier,147,Waitlist
750,67890,2023-11-22 21:41:05.260820,35,Tatkal,Sleeper,28,Confirmed
751,98765,2023-10-04 21:41:05.260825,84,Ladies,General,38,Waitlist
752,98765,2024-08-01 21:41:05.260829,29,Ladies,General,119,Confirmed
753,12345,2024-05-21 21:41:05.260834,23,General,Sleeper,37,Confirmed
754,67890,2024-03-11 21:41:05.260838,29,Senior Citizen,General,115,Waitlist
755,67890,2024-01-30 21:41:05.260842,85,General,AC 3-Tier,68,Waitlist
756,67890,2024-08-25 21:41:05.260847,91,General,AC 2-Tier,177,Waitlist
757,11223,2024-06-28 21:41:05.260851,6,General,AC 3-Tier,43,Confirmed
758,54321,2024-03-06 21:41:05.260855,34,Ladies,Sleeper,164,Confirmed
759,11223,2023-10-12 21:41:05.260860,54,General,Sleeper,58,Waitlist
760,54321,2023-11-02 21:41:05.260864,91,General,General,13,Waitlist
761,67890,2023-11-29 21:41:05.260869,13,Senior Citizen,AC 3-Tier,52,Confirmed
762,67890,2023-10-15 21:41:05.260874,9,Senior Citizen,AC 3-Tier,58,Confirmed
763,11223,2024-02-29 21:41:05.260879,79,General,Sleeper,32,Waitlist
764,11223,2024-04-23 21:41:05.260883,15,Senior Citizen,AC 3-Tier,105,Waitlist
765,54321,2024-09-05 21:41:05.260888,53,Senior Citizen,Sleeper,83,Waitlist
766,98765,2023-12-11 21:41:05.260892,94,General,AC 3-Tier,99,Waitlist
767,54321,2024-09-25 21:41:05.260897,88,Ladies,AC 3-Tier,104,Waitlist
768,11223,2024-02-22 21:41:05.260901,76,General,AC 3-Tier,28,Waitlist
769,11223,2023-10-01 21:41:05.260905,69,Senior Citizen,Sleeper,129,Confirmed
770,12345,2024-09-09 21:41:05.260919,43,Ladies,General,170,Waitlist
771,11223,2024-04-30 21:41:05.260924,72,Tatkal,AC 3-Tier,48,Waitlist
772,12345,2024-08-10 21:41:05.260928,44,Ladies,Sleeper,40,Waitlist
773,98765,2024-04-05 21:41:05.260933,99,Senior Citizen,Sleeper,97,Confirmed
774,54321,2024-06-25 21:41:05.260937,55,Ladies,AC 3-Tier,114,Waitlist
775,54321,2024-06-16 21:41:05.260941,83,General,AC 3-Tier,132,Waitlist
776,12345,2024-01-23 21:41:05.260946,81,Tatkal,General,166,Confirmed
777,54321,2024-06-04 21:41:05.260950,56,Tatkal,Sleeper,155,Waitlist
778,11223,2023-10-11 21:41:05.260955,20,Tatkal,Sleeper,137,Waitlist
779,67890,2024-02-14 21:41:05.260959,67,Senior Citizen,AC 2-Tier,111,Confirmed
780,12345,2024-07-25 21:41:05.260964,49,Senior Citizen,Sleeper,144,Waitlist
781,54321,2023-10-30 21:41:05.260968,32,Tatkal,General,76,Waitlist
782,12345,2024-01-11 21:41:05.260973,90,Ladies,AC 2-Tier,31,Waitlist
783,12345,2023-12-09 21:41:05.260977,6,Tatkal,AC 2-Tier,119,Confirmed
784,67890,2024-01-30 21:41:05.260982,69,Ladies,AC 2-Tier,142,Confirmed
785,11223,2024-03-27 21:41:05.260986,14,Ladies,AC 3-Tier,25,Waitlist
786,12345,2024-01-27 21:41:05.260991,81,Senior Citizen,AC 3-Tier,34,Confirmed
787,54321,2024-05-27 21:41:05.260995,31,Ladies,Sleeper,67,Waitlist
788,98765,2024-01-05 21:41:05.261000,74,Tatkal,AC 2-Tier,152,Waitlist
789,12345,2024-05-21 21:41:05.261004,19,Senior Citizen,General,118,Confirmed
790,12345,2024-02-05 21:41:05.261009,87,General,AC 3-Tier,73,Confirmed
791,67890,2024-09-11 21:41:05.261013,14,General,General,26,Confirmed
792,11223,2024-08-20 21:41:05.261017,47,Senior Citizen,General,148,Waitlist
793,98765,2024-09-08 21:41:05.261021,70,Tatkal,AC 3-Tier,104,Waitlist
794,54321,2024-02-17 21:41:05.261025,20,General,AC 3-Tier,10,Waitlist
795,98765,2023-10-10 21:41:05.261029,41,General,AC 3-Tier,67,Waitlist
796,54321,2023-12-22 21:41:05.261033,25,Ladies,AC 3-Tier,152,Waitlist
797,11223,2024-09-21 21:41:05.261037,13,Ladies,AC 2-Tier,5,Confirmed
798,54321,2024-06-21 21:41:05.261040,56,Tatkal,AC 2-Tier,27,Waitlist
799,67890,2024-02-02 21:41:05.261044,36,Senior Citizen,AC 2-Tier,113,Waitlist
800,67890,2024-07-04 21:41:05.261048,57,Tatkal,AC 2-Tier,15,Waitlist
801,67890,2023-12-06 21:41:05.261052,20,Senior Citizen,Sleeper,163,Confirmed
802,67890,2024-09-15 21:41:05.261056,81,General,AC 2-Tier,105,Waitlist
803,98765,2023-10-31 21:41:05.261060,68,Ladies,AC 3-Tier,44,Confirmed
804,11223,2024-09-27 21:41:05.261063,2,Tatkal,General,26,Confirmed
805,54321,2023-12-11 21:41:05.261067,86,Tatkal,AC 2-Tier,175,Waitlist
806,54321,2023-11-09 21:41:05.261071,89,Senior Citizen,Sleeper,162,Waitlist
807,67890,2024-08-19 21:41:05.261075,36,Senior Citizen,AC 3-Tier,95,Waitlist
808,67890,2023-11-16 21:41:05.261079,87,Tatkal,General,178,Waitlist
809,12345,2023-11-18 21:41:05.261083,48,Senior Citizen,General,84,Waitlist
810,11223,2024-06-10 21:41:05.261087,18,Tatkal,AC 2-Tier,140,Confirmed
811,98765,2024-09-15 21:41:05.261091,88,Tatkal,General,132,Waitlist
812,54321,2024-02-11 21:41:05.261095,84,Tatkal,AC 2-Tier,87,Waitlist
813,12345,2024-07-07 21:41:05.261098,11,General,AC 2-Tier,176,Confirmed
814,12345,2024-05-22 21:41:05.261102,60,Senior Citizen,AC 3-Tier,112,Waitlist
815,54321,2024-02-11 21:41:05.261106,40,Ladies,AC 3-Tier,129,Confirmed
816,98765,2023-11-08 21:41:05.261110,32,Ladies,Sleeper,89,Waitlist
817,12345,2024-05-07 21:41:05.261114,49,Senior Citizen,AC 3-Tier,66,Waitlist
818,12345,2023-10-20 21:41:05.261118,67,Tatkal,AC 3-Tier,158,Waitlist
819,11223,2024-09-01 21:41:05.261122,70,Ladies,AC 2-Tier,131,Waitlist
820,98765,2024-07-25 21:41:05.261125,85,Ladies,AC 3-Tier,122,Waitlist
821,12345,2024-04-19 21:41:05.261129,32,Senior Citizen,AC 2-Tier,149,Waitlist
822,98765,2024-02-13 21:41:05.261133,80,Ladies,AC 2-Tier,84,Waitlist
823,54321,2024-01-12 21:41:05.261137,23,Tatkal,AC 3-Tier,177,Waitlist
824,67890,2024-04-18 21:41:05.261141,60,Senior Citizen,Sleeper,116,Confirmed
825,12345,2023-12-03 21:41:05.261145,60,Tatkal,Sleeper,116,Confirmed
826,11223,2023-12-01 21:41:05.261149,97,Ladies,General,38,Waitlist
827,54321,2023-12-17 21:41:05.261153,27,Ladies,General,143,Confirmed
828,98765,2024-09-19 21:41:05.261156,57,Tatkal,AC 3-Tier,110,Confirmed
829,54321,2024-03-18 21:41:05.261160,42,General,Sleeper,46,Waitlist
830,12345,2024-06-03 21:41:05.261164,40,Ladies,AC 2-Tier,25,Waitlist
831,98765,2024-01-03 21:41:05.261168,38,General,General,21,Waitlist
832,67890,2024-07-11 21:41:05.261172,85,Ladies,AC 2-Tier,121,Confirmed
833,54321,2024-06-28 21:41:05.261176,48,General,General,122,Confirmed
834,12345,2024-01-07 21:41:05.261179,16,General,AC 3-Tier,133,Confirmed
835,11223,2023-11-02 21:41:05.261183,97,General,Sleeper,70,Waitlist
836,98765,2023-10-15 21:41:05.261187,69,Tatkal,General,113,Waitlist
837,54321,2023-10-04 21:41:05.261191,69,General,Sleeper,107,Waitlist
838,54321,2024-01-16 21:41:05.261195,97,General,AC 2-Tier,112,Confirmed
839,67890,2024-05-19 21:41:05.261199,64,General,AC 3-Tier,108,Waitlist
840,67890,2023-12-28 21:41:05.261203,73,Ladies,Sleeper,47,Confirmed
841,11223,2024-01-09 21:41:05.261207,84,General,AC 3-Tier,91,Waitlist
842,11223,2024-04-11 21:41:05.261211,4,Ladies,Sleeper,18,Confirmed
843,12345,2024-09-28 21:41:05.261214,1,General,AC 2-Tier,149,Waitlist
844,12345,2023-11-21 21:41:05.261218,21,General,AC 2-Tier,104,Confirmed
845,11223,2024-07-27 21:41:05.261222,56,Tatkal,AC 3-Tier,151,Confirmed
846,11223,2023-12-20 21:41:05.261226,65,Ladies,AC 2-Tier,40,Waitlist
847,98765,2024-05-31 21:41:05.261230,73,General,General,138,Waitlist
848,67890,2024-06-14 21:41:05.261234,97,Ladies,Sleeper,89,Confirmed
849,12345,2024-04-07 21:41:05.261238,15,Ladies,AC 2-Tier,61,Confirmed
850,67890,2024-03-09 21:41:05.261242,50,Senior Citizen,General,5,Confirmed
851,67890,2024-04-17 21:41:05.261245,38,Tatkal,AC 3-Tier,122,Waitlist
852,11223,2023-11-29 21:41:05.261249,85,Tatkal,General,55,Waitlist
853,98765,2024-06-01 21:41:05.261253,75,Tatkal,AC 3-Tier,37,Waitlist
854,54321,2024-08-16 21:41:05.261257,87,Senior Citizen,AC 3-Tier,56,Waitlist
855,98765,2023-11-22 21:41:05.261261,39,Senior Citizen,Sleeper,102,Waitlist
856,98765,2024-04-26 21:41:05.261264,37,Tatkal,Sleeper,93,Waitlist
857,67890,2024-03-06 21:41:05.261268,59,Senior Citizen,General,73,Waitlist
858,98765,2024-06-13 21:41:05.261272,58,Senior Citizen,Sleeper,59,Waitlist
859,12345,2024-01-22 21:41:05.261276,9,Senior Citizen,Sleeper,2,Confirmed
860,67890,2023-10-31 21:41:05.261280,98,Tatkal,Sleeper,104,Waitlist
861,12345,2024-05-22 21:41:05.261284,63,Tatkal,General,51,Waitlist
862,54321,2023-12-11 21:41:05.261288,62,Tatkal,AC 2-Tier,30,Waitlist
863,67890,2024-09-09 21:41:05.261292,48,Senior Citizen,Sleeper,11,Waitlist
864,54321,2023-12-22 21:41:05.261295,63,Tatkal,Sleeper,108,Waitlist
865,67890,2023-12-19 21:41:05.261299,31,Senior Citizen,General,76,Waitlist
866,11223,2024-09-28 21:41:05.261303,6,General,AC 2-Tier,167,Confirmed
867,98765,2024-06-02 21:41:05.261307,20,Senior Citizen,Sleeper,90,Waitlist
868,11223,2024-08-25 21:41:05.261311,19,Ladies,AC 3-Tier,123,Waitlist
869,54321,2024-03-15 21:41:05.261315,25,Tatkal,General,125,Waitlist
870,98765,2024-01-28 21:41:05.261318,67,Tatkal,Sleeper,122,Confirmed
871,67890,2024-08-01 21:41:05.261322,85,Ladies,Sleeper,94,Waitlist
872,98765,2023-11-09 21:41:05.261326,14,Senior Citizen,AC 3-Tier,103,Confirmed
873,12345,2024-04-21 21:41:05.261330,84,General,AC 3-Tier,162,Confirmed
874,98765,2024-04-03 21:41:05.261334,78,Ladies,General,31,Waitlist
875,12345,2024-03-07 21:41:05.261337,85,Ladies,General,52,Confirmed
876,98765,2024-09-17 21:41:05.261341,91,Senior Citizen,AC 3-Tier,89,Waitlist
877,12345,2023-12-28 21:41:05.261345,13,Tatkal,General,76,Waitlist
878,54321,2024-04-01 21:41:05.261349,26,Senior Citizen,AC 3-Tier,129,Waitlist
879,11223,2024-01-31 21:41:05.261353,39,Ladies,Sleeper,22,Confirmed
880,67890,2024-02-26 21:41:05.261356,57,Ladies,AC 3-Tier,40,Confirmed
881,98765,2024-01-22 21:41:05.261360,27,Tatkal,AC 3-Tier,101,Confirmed
882,11223,2023-12-05 21:41:05.261364,25,Tatkal,AC 2-Tier,111,Confirmed
883,67890,2024-05-26 21:41:05.261368,62,Tatkal,AC 3-Tier,129,Confirmed
884,67890,2024-02-25 21:41:05.261372,65,Senior Citizen,AC 3-Tier,65,Confirmed
885,12345,2023-11-28 21:41:05.261376,24,Tatkal,AC 2-Tier,170,Waitlist
886,54321,2023-12-19 21:41:05.261380,2,Ladies,General,149,Confirmed
887,54321,2024-03-28 21:41:05.261384,71,Ladies,AC 2-Tier,79,Waitlist
888,11223,2024-08-21 21:41:05.261388,43,General,Sleeper,22,Waitlist
889,54321,2024-02-19 21:41:05.261391,96,Senior Citizen,AC 2-Tier,166,Waitlist
890,98765,2024-03-29 21:41:05.261395,41,General,Sleeper,99,Waitlist
891,54321,2024-04-04 21:41:05.261399,98,Ladies,General,8,Waitlist
892,11223,2023-12-10 21:41:05.261403,5,General,AC 2-Tier,175,Confirmed
893,54321,2023-10-25 21:41:05.261407,38,Ladies,AC 2-Tier,17,Confirmed
894,98765,2024-05-01 21:41:05.261411,51,General,General,17,Waitlist
895,12345,2024-05-26 21:41:05.261414,22,Tatkal,Sleeper,90,Confirmed
896,11223,2023-12-03 21:41:05.261418,88,General,AC 2-Tier,141,Waitlist
897,12345,2023-11-26 21:41:05.261422,49,Tatkal,Sleeper,145,Confirmed
898,12345,2023-10-29 21:41:05.261426,42,Tatkal,AC 2-Tier,166,Waitlist
899,12345,2024-02-08 21:41:05.261430,18,Senior Citizen,AC 3-Tier,81,Confirmed
900,67890,2024-09-21 21:41:05.261434,68,Tatkal,AC 2-Tier,78,Waitlist
901,67890,2023-10-24 21:41:05.261438,50,Tatkal,General,173,Confirmed
902,12345,2024-05-23 21:41:05.261442,10,General,General,6,Waitlist
903,11223,2024-01-09 21:41:05.261445,11,Ladies,Sleeper,163,Confirmed
904,98765,2024-04-25 21:41:05.261449,73,Senior Citizen,AC 2-Tier,110,Confirmed
905,98765,2023-10-13 21:41:05.261453,7,Tatkal,Sleeper,14,Waitlist
906,54321,2023-10-07 21:41:05.261457,23,Senior Citizen,Sleeper,72,Confirmed
907,11223,2024-09-24 21:41:05.261461,91,General,AC 3-Tier,143,Waitlist
908,67890,2024-07-05 21:41:05.261465,40,Tatkal,AC 3-Tier,54,Waitlist
909,12345,2024-04-07 21:41:05.261469,35,General,General,27,Confirmed
910,54321,2023-12-14 21:41:05.261472,84,Senior Citizen,Sleeper,13,Waitlist
911,98765,2024-03-20 21:41:05.261476,71,General,General,159,Waitlist
912,67890,2023-11-23 21:41:05.261480,54,Senior Citizen,AC 2-Tier,163,Waitlist
913,67890,2024-06-02 21:41:05.261484,8,General,Sleeper,60,Confirmed
914,12345,2024-02-24 21:41:05.261488,46,Senior Citizen,Sleeper,6,Waitlist
915,98765,2024-06-07 21:41:05.261492,14,Ladies,AC 2-Tier,58,Confirmed
916,11223,2024-05-07 21:41:05.261495,47,General,AC 2-Tier,49,Waitlist
917,67890,2024-09-03 21:41:05.261499,81,General,General,151,Waitlist
918,12345,2024-05-16 21:41:05.261503,41,Ladies,General,162,Waitlist
919,11223,2023-12-01 21:41:05.261507,59,Ladies,AC 2-Tier,26,Waitlist
920,98765,2024-02-10 21:41:05.261511,83,General,General,47,Waitlist
921,67890,2024-07-15 21:41:05.261514,69,Ladies,AC 2-Tier,5,Waitlist
922,11223,2023-11-06 21:41:05.261518,11,Tatkal,Sleeper,20,Confirmed
923,11223,2023-10-20 21:41:05.261522,1,Senior Citizen,Sleeper,134,Confirmed
924,11223,2023-12-02 21:41:05.261526,6,Senior Citizen,AC 3-Tier,59,Confirmed
925,67890,2023-12-15 21:41:05.261530,79,Senior Citizen,Sleeper,146,Confirmed
926,67890,2024-09-28 21:41:05.261534,2,Tatkal,AC 2-Tier,132,Confirmed
927,54321,2024-05-05 21:41:05.261538,2,Ladies,General,17,Confirmed
928,98765,2023-12-17 21:41:05.261542,26,Ladies,AC 3-Tier,14,Confirmed
929,12345,2024-05-10 21:41:05.261545,39,General,General,13,Waitlist
930,11223,2024-08-07 21:41:05.261549,32,Ladies,AC 2-Tier,135,Confirmed
931,54321,2023-11-30 21:41:05.261553,91,General,Sleeper,128,Waitlist
932,12345,2024-07-22 21:41:05.261557,0,Tatkal,AC 3-Tier,44,Confirmed
933,54321,2023-10-04 21:41:05.261561,7,Senior Citizen,AC 2-Tier,119,Confirmed
934,67890,2024-07-01 21:41:05.261565,31,Senior Citizen,AC 3-Tier,143,Waitlist
935,11223,2024-02-22 21:41:05.261568,47,Senior Citizen,AC 3-Tier,19,Waitlist
936,12345,2024-03-21 21:41:05.261572,3,Ladies,Sleeper,63,Confirmed
937,12345,2024-07-28 21:41:05.261576,93,General,AC 2-Tier,163,Waitlist
938,12345,2024-07-18 21:41:05.261580,69,General,General,81,Confirmed
939,12345,2024-04-21 21:41:05.261584,18,Tatkal,AC 3-Tier,163,Waitlist
940,12345,2024-04-13 21:41:05.261588,31,Ladies,AC 3-Tier,147,Waitlist
941,54321,2024-07-02 21:41:05.261591,8,Tatkal,General,148,Confirmed
942,11223,2024-04-06 21:41:05.261595,11,General,AC 2-Tier,100,Confirmed
943,67890,2024-01-04 21:41:05.261599,10,General,AC 3-Tier,163,Waitlist
944,67890,2024-07-18 21:41:05.261603,45,Senior Citizen,AC 3-Tier,160,Waitlist
945,67890,2024-01-28 21:41:05.261606,15,Ladies,AC 3-Tier,122,Confirmed
946,67890,2024-07-14 21:41:05.261610,0,General,AC 2-Tier,176,Confirmed
947,54321,2024-04-23 21:41:05.261614,62,Senior Citizen,AC 2-Tier,44,Confirmed
948,98765,2023-11-10 21:41:05.261618,20,Ladies,General,104,Confirmed
949,11223,2024-06-23 21:41:05.261622,29,Tatkal,AC 2-Tier,152,Waitlist
950,12345,2024-06-19 21:41:05.261626,12,Ladies,AC 2-Tier,61,Confirmed
951,98765,2024-05-20 21:41:05.261629,33,Ladies,Sleeper,125,Waitlist
952,67890,2024-06-19 21:41:05.261633,3,General,General,145,Confirmed
953,98765,2024-09-10 21:41:05.261637,27,General,AC 3-Tier,71,Waitlist
954,11223,2024-07-09 21:41:05.261641,94,Ladies,AC 2-Tier,107,Confirmed
955,12345,2023-12-25 21:41:05.261644,58,General,AC 3-Tier,50,Waitlist
956,12345,2023-10-26 21:41:05.261648,26,General,AC 3-Tier,65,Waitlist
957,11223,2023-11-03 21:41:05.261652,68,General,Sleeper,99,Waitlist
958,11223,2024-05-23 21:41:05.261656,24,Senior Citizen,AC 2-Tier,32,Confirmed
959,67890,2023-10-21 21:41:05.261660,2,Senior Citizen,General,164,Confirmed
960,12345,2023-11-24 21:41:05.261664,96,Ladies,AC 2-Tier,141,Waitlist
961,98765,2024-07-02 21:41:05.261668,67,General,AC 3-Tier,58,Waitlist
962,54321,2024-02-29 21:41:05.261672,24,Senior Citizen,General,128,Waitlist
963,54321,2024-05-09 21:41:05.261676,19,Ladies,AC 2-Tier,142,Waitlist
964,11223,2024-07-26 21:41:05.261680,33,General,AC 3-Tier,165,Waitlist
965,67890,2024-07-15 21:41:05.261683,25,Tatkal,AC 3-Tier,112,Confirmed
966,54321,2024-03-14 21:41:05.261687,4,General,Sleeper,68,Confirmed
967,12345,2024-05-09 21:41:05.261691,98,General,Sleeper,40,Waitlist
968,11223,2023-11-18 21:41:05.261695,60,Senior Citizen,Sleeper,144,Waitlist
969,98765,2024-06-28 21:41:05.261699,91,Ladies,AC 3-Tier,132,Confirmed
970,11223,2023-11-29 21:41:05.261703,92,Ladies,AC 2-Tier,173,Confirmed
971,98765,2024-02-18 21:41:05.261707,8,Senior Citizen,Sleeper,90,Confirmed
972,11223,2023-12-13 21:41:05.261710,49,General,AC 2-Tier,28,Waitlist
973,11223,2024-06-19 21:41:05.261714,5,Tatkal,Sleeper,96,Confirmed
974,11223,2024-01-06 21:41:05.261719,82,General,General,31,Confirmed
975,98765,2023-10-10 21:41:05.261723,59,General,General,3,Confirmed
976,98765,2024-06-11 21:41:05.261727,43,Tatkal,Sleeper,136,Confirmed
977,11223,2023-11-04 21:41:05.261731,10,Senior Citizen,AC 3-Tier,24,Confirmed
978,54321,2024-01-08 21:41:05.261735,65,Ladies,Sleeper,15,Waitlist
979,67890,2024-09-26 21:41:05.261739,46,Senior Citizen,Sleeper,171,Waitlist
980,67890,2024-07-06 21:41:05.261743,72,Senior Citizen,AC 3-Tier,159,Waitlist
981,67890,2023-12-22 21:41:05.261747,84,General,General,45,Waitlist
982,98765,2023-11-06 21:41:05.261751,87,Ladies,AC 2-Tier,8,Waitlist
983,98765,2023-11-30 21:41:05.261755,97,Ladies,Sleeper,71,Confirmed
984,54321,2024-06-04 21:41:05.261759,85,Senior Citizen,AC 3-Tier,108,Waitlist
985,67890,2024-02-21 21:41:05.261763,2,Tatkal,Sleeper,115,Waitlist
986,67890,2024-04-28 21:41:05.261766,75,Senior Citizen,AC 3-Tier,103,Confirmed
987,11223,2024-04-29 21:41:05.261770,91,Tatkal,AC 2-Tier,125,Confirmed
988,98765,2024-09-17 21:41:05.261774,29,Ladies,AC 2-Tier,57,Waitlist
989,67890,2024-05-19 21:41:05.261778,89,Senior Citizen,General,30,Confirmed
990,54321,2023-11-30 21:41:05.261782,20,General,AC 3-Tier,146,Waitlist
991,54321,2023-12-11 21:41:05.261786,27,Senior Citizen,AC 3-Tier,114,Confirmed
992,67890,2023-12-04 21:41:05.261789,89,Ladies,General,117,Waitlist
993,98765,2024-02-14 21:41:05.261793,61,General,General,167,Waitlist
994,54321,2024-01-02 21:41:05.261797,32,General,AC 3-Tier,60,Confirmed
995,11223,2024-08-17 21:41:05.261801,84,Tatkal,General,98,Waitlist
996,54321,2023-10-22 21:41:05.261805,34,General,AC 2-Tier,171,Waitlist
997,12345,2023-11-08 21:41:05.261809,51,General,Sleeper,126,Waitlist
998,12345,2023-12-02 21:41:05.261813,33,Senior Citizen,AC 2-Tier,173,Confirmed
999,98765,2023-10-01 21:41:05.261817,40,Ladies,General,151,Confirmed
1000,67890,2024-09-08 21:41:05.261820,50,Tatkal,AC 3-Tier,94,Confirmed
